N,Bit_length
407,9
511,9
451,9
469,9
437,9
355,9
355,9
501,9
473,9
473,9
493,9
415,9
451,9
411,9
355,9
489,9
473,9
493,9
453,9
365,9
1007,10
815,10
893,10
655,10
755,10
737,10
933,10
895,10
655,10
943,10
703,10
815,10
835,10
799,10
695,10
895,10
785,10
703,10
731,10
905,10
2019,11
1909,11
1415,11
1315,11
1565,11
1349,11
1751,11
1577,11
1241,11
1713,11
1703,11
1763,11
1895,11
1807,11
1761,11
1799,11
1577,11
1507,11
1945,11
1343,11
2489,12
2605,12
3953,12
2981,12
3679,12
3287,12
2869,12
4043,12
3151,12
3085,12
3827,12
3349,12
3743,12
3419,12
3149,12
3431,12
3629,12
2641,12
3991,12
3071,12
7361,13
7997,13
5905,13
6187,13
7939,13
8131,13
6259,13
8173,13
4811,13
4369,13
6589,13
6455,13
7391,13
7601,13
5183,13
5195,13
6697,13
7861,13
5633,13
6605,13
14267,14
9563,14
11309,14
15191,14
15689,14
9673,14
16357,14
13031,14
12913,14
15503,14
10393,14
15685,14
9937,14
11147,14
16297,14
15403,14
11755,14
12127,14
12851,14
16199,14
29471,15
24901,15
24467,15
26933,15
23573,15
25729,15
31571,15
29459,15
31631,15
28973,15
25507,15
23195,15
29417,15
24467,15
32729,15
27287,15
32699,15
25871,15
31789,15
20957,15
54097,16
62803,16
43243,16
58589,16
49883,16
64751,16
53059,16
39691,16
61111,16
44003,16
44243,16
52987,16
53063,16
57473,16
56257,16
61021,16
49571,16
54077,16
55019,16
46519,16
128507,17
102127,17
102959,17
120007,17
118651,17
122441,17
117527,17
101509,17
110671,17
103777,17
129851,17
129091,17
92497,17
107771,17
112109,17
104591,17
116519,17
91349,17
108611,17
129133,17
190493,18
205169,18
211009,18
183137,18
217213,18
175831,18
181037,18
149243,18
208007,18
187001,18
173471,18
186611,18
233369,18
255091,18
249619,18
170381,18
197663,18
254237,18
185333,18
214217,18
483449,19
474953,19
463121,19
472841,19
471983,19
449017,19
443683,19
434317,19
378311,19
300263,19
512509,19
512131,19
484879,19
467767,19
460703,19
510607,19
455867,19
490429,19
399457,19
413507,19
909431,20
849941,20
793987,20
914261,20
880843,20
626573,20
639841,20
876347,20
1041211,20
837803,20
1021099,20
879079,20
730039,20
957347,20
825787,20
877549,20
899281,20
720647,20
937283,20
775351,20
1929029,21
1881877,21
1335643,21
1754933,21
1497173,21
1878953,21
1568261,21
1721059,21
1935833,21
1341407,21
1983173,21
2078563,21
1220413,21
2037257,21
1530497,21
1872613,21
1936499,21
1821049,21
1726013,21
2001107,21
3906439,22
4081159,22
2410679,22
2887223,22
3636037,22
3054787,22
2822821,22
3615121,22
3855443,22
3116467,22
3331313,22
3175307,22
4002763,22
3861469,22
3992047,22
2855537,22
3004579,22
3653723,22
3625703,22
3108097,22
5676361,23
7521959,23
5955889,23
7923899,23
7801667,23
7897511,23
7471687,23
6043703,23
4957343,23
7117333,23
7937609,23
6178967,23
8273957,23
7849511,23
7192007,23
5023897,23
6728353,23
6273733,23
6586669,23
7774379,23
11907673,24
14466059,24
14011741,24
14902051,24
10058863,24
16020107,24
12611407,24
12763733,24
13817333,24
11212697,24
15099613,24
13722473,24
14717249,24
15868129,24
12270019,24
10808641,24
15918961,24
11025127,24
16250713,24
14311889,24
29382719,25
25329407,25
30392779,25
23806451,25
31710337,25
20202691,25
27568979,25
20953783,25
24691301,25
25987813,25
18611353,25
31547759,25
30980141,25
31978021,25
31330147,25
23983699,25
20918879,25
21805097,25
30135839,25
32926657,25
46924127,26
42722791,26
47415037,26
56050021,26
48177221,26
51251723,26
45326129,26
50137223,26
59152477,26
61689709,26
48974441,26
63295019,26
42117797,26
46360487,26
48157301,26
50475833,26
51001103,26
64657949,26
60844529,26
58208797,26
83267339,27
86110957,27
97051463,27
114723731,27
115085303,27
127353907,27
86967703,27
100930483,27
93936841,27
126546347,27
73425127,27
112819459,27
101130319,27
115020541,27
120102923,27
116307019,27
99038699,27
105208193,27
87287833,27
103584431,27
181018921,28
158825669,28
260651513,28
220405733,28
260993023,28
250835743,28
181469957,28
253499227,28
161417479,28
218153227,28
268378709,28
180249943,28
263495117,28
257545429,28
265433681,28
229991921,28
217193453,28
219080843,28
200528873,28
203514551,28
536037119,29
509744453,29
475698449,29
396999539,29
510457537,29
430647571,29
417457723,29
343084177,29
486091747,29
484895393,29
432575503,29
289441769,29
405749473,29
491128409,29
499741357,29
467123071,29
388607497,29
339348623,29
498689593,29
452121809,29
913555717,30
674539189,30
745925993,30
1022779787,30
945497141,30
870880711,30
628713863,30
587402873,30
938737621,30
607304699,30
807841381,30
929129371,30
1041160031,30
1007261809,30
794167901,30
993703889,30
1025735231,30
978469169,30
899274317,30
1055753969,30
2054122409,31
1222318927,31
1437934189,31
1835043887,31
1302758651,31
1811288651,31
1941830911,31
1995049621,31
1882476389,31
1906654279,31
2058418639,31
1500140671,31
1423665557,31
1453571149,31
1748203871,31
1781607161,31
1836838189,31
1883768641,31
1518530987,31
1877569319,31
4132200881,32
2445203273,32
2885844083,32
3989403421,32
3776937547,32
3783969601,32
3049276889,32
3938423887,32
3110080481,32
3788975753,32
3908868949,32
4218250957,32
4275094181,32
2437898959,32
4038247141,32
3964291313,32
2945369831,32
3837625853,32
3549569339,32
3630870389,32
5843231621,33
7195097683,33
7480616177,33
7251669043,33
7492188551,33
7010366471,33
7747337561,33
5820323297,33
6682220249,33
6946172089,33
7849657307,33
7607577463,33
5029345969,33
8445706823,33
8105876921,33
6320403679,33
7398545599,33
8500195531,33
6239032661,33
6332109107,33
14900708441,34
14326092881,34
12828733789,34
14611516807,34
14380360303,34
9404008079,34
10586634293,34
11930941081,34
16113121093,34
16746695731,34
17012026309,34
10402421581,34
15380337673,34
13753907873,34
14476514021,34
16287794477,34
14582266999,34
13181600111,34
17090790169,34
11219443673,34
30530844613,35
23116700539,35
23516296277,35
29289630691,35
22867265623,35
23531756797,35
20607877247,35
30912582983,35
24395349697,35
34024010659,35
24494816363,35
28713804403,35
31245293201,35
30773648839,35
32272971613,35
32743181209,35
26601348931,35
21439128721,35
24429507197,35
26875525211,35
61586035879,36
66293253107,36
62536507549,36
63299922079,36
64836739441,36
58889561513,36
55500871511,36
45842969629,36
59935884277,36
57756750067,36
68533290283,36
68167947277,36
66115992001,36
50458584859,36
65829470899,36
53583758077,36
52294265189,36
62986056493,36
38165025343,36
60216214939,36
115116812351,37
129292643191,37
90746688691,37
103336391771,37
118607736109,37
110026317497,37
127757366831,37
132137242603,37
114533540893,37
127089332687,37
113136618457,37
132528877991,37
125785961453,37
117028380533,37
108454135331,37
113344365859,37
121654968137,37
95632802641,37
98431902397,37
126241083517,37
252049015277,38
271802597641,38
269102605621,38
265196567941,38
219461969579,38
190303772033,38
268068380231,38
234254764811,38
223777757101,38
254200622353,38
257302716401,38
225026377943,38
184711456627,38
205407296333,38
169403161471,38
210303611107,38
266999526883,38
248389636249,38
210133196717,38
237031362619,38
381953179169,39
417975127793,39
521146923499,39
468651217841,39
525002696971,39
370366199029,39
398945128079,39
367129408369,39
542623943821,39
428247165469,39
509562642929,39
388089822193,39
506590566257,39
488501706353,39
486383668399,39
343842956999,39
519221093603,39
525582193819,39
536813147947,39
448911938731,39
881077574219,40
1081658125489,40
868877435219,40
907568067299,40
1082844208981,40
732340406053,40
680662391597,40
1071883334317,40
791179930381,40
951886248581,40
790997090701,40
1085128663123,40
1029592362749,40
827643264869,40
913400408143,40
889557309671,40
884012542709,40
830814465161,40
842015949517,40
975756493109,40
1684270590577,41
1748569886711,41
2182233057889,41
2182277975179,41
1852391384369,41
1563857555213,41
1854058902077,41
1620186992563,41
2072458300181,41
2052735414539,41
2070671056567,41
2139443879603,41
1485774066947,41
2096889265567,41
1745905601779,41
1702172539079,41
1466959982153,41
2181579217837,41
1704503136361,41
1446163242677,41
4215387769379,42
2811265111547,42
4197533684237,42
3725819905337,42
2881953543631,42
4180403439409,42
4034928580087,42
3285410856947,42
2767269012961,42
3447915751213,42
2645112543599,42
2277995122901,42
4360658316821,42
3237374011301,42
4115270343817,42
3199078025197,42
3499458962903,42
4154529909683,42
4011086889977,42
3703402074419,42
7145085667441,43
8447828975329,43
7369501775477,43
8510017526533,43
5253128747813,43
7505281741757,43
6257866029049,43
7189568890579,43
8100854832743,43
8239990564709,43
8607859193057,43
7882060598857,43
8402975813899,43
5445883751653,43
8015017953641,43
6894668491577,43
6168319407769,43
7427079430889,43
8163428432351,43
5945877849293,43
12357210176117,44
16364386252433,44
16229436521993,44
16882701691481,44
15665801917609,44
9898537034957,44
12964794427051,44
16979092821029,44
16721614217419,44
12672975623647,44
15589813290929,44
17034646293419,44
12816691224299,44
11389224245383,44
11913542023717,44
13346747096717,44
14412558087259,44
14324757122383,44
17244811608757,44
15384727356899,44
29257594263257,45
27848265773087,45
30062126110253,45
32673658401157,45
27520308361867,45
33933461726627,45
26770471162937,45
33558206308307,45
26564230897111,45
31680099596011,45
31086390672881,45
28833741528443,45
28328924136881,45
32897375054681,45
27545966189191,45
23653970451149,45
30567180694541,45
26851950983041,45
33548527892951,45
29000352755863,45
69722360179349,46
62999522516797,46
53832364667777,46
45503658260461,46
48737901643499,46
58125028826243,46
68702305652473,46
54468919176557,46
63484043870867,46
54588919712377,46
51013282339049,46
63997737709781,46
68280148686023,46
50212347705449,46
56071966148743,46
66173579880323,46
67109483196947,46
67863180044617,46
61264927106771,46
65947883233469,46
109663155320947,47
126525155278861,47
81466665730201,47
72668262953807,47
137858858844199,47
135626677477891,47
135255835009213,47
127218350629481,47
138909286823057,47
130145759114269,47
134888365531649,47
123657495162983,47
107513786655293,47
135369352329661,47
122039848817203,47
123396840709063,47
127502725089067,47
133058823905239,47
104876746348499,47
120387969103841,47
255845120370053,48
222399318786709,48
276389542662899,48
216159248567069,48
238876707949351,48
260504910407143,48
192765537128609,48
242443021755947,48
258829884482987,48
253194098115773,48
233948289111577,48
257141768475307,48
275808788377411,48
255060817054391,48
252332406023309,48
276754285084463,48
184564996941863,48
189974189475977,48
273450884180083,48
254879550224567,48
468777712454017,49
451714954860989,49
424429055187727,49
409460615031311,49
427104572673791,49
374030181363481,49
559873039799081,49
461386152416279,49
492032437558003,49
466587165515381,49
454241457439741,49
365551379198563,49
462089881208503,49
329025683074967,49
490255022594867,49
451889777341747,49
486996704113951,49
545753158443167,49
546761331320803,49
432914723528761,49
715250449068013,50
1117172196415271,50
796877075529599,50
807936627223681,50
954703474661429,50
697980894465661,50
888152832070793,50
976429063209793,50
986683885259729,50
1051335366288589,50
708356046758527,50
917782430236361,50
939971136995857,50
680246565407719,50
1043010047043533,50
956428128208193,50
994563730022581,50
951935634525257,50
671951697469847,50
770875454067619,50
1644193228339573,51
1934660939083013,51
1897124625448733,51
1767824640825653,51
2027012082872131,51
1964896028619253,51
1448260288099099,51
2243335099315313,51
1401129840270271,51
2040769482131603,51
1816790680707227,51
1352646989723803,51
1759174755481621,51
1239230696529431,51
2072764332216937,51
2098318163027861,51
1531457096114741,51
2098443719010481,51
2094564221180287,51
1917926870364409,51
2583610297399531,52
4205692699537079,52
4209366360967771,52
3964008985682639,52
3831162822979309,52
4099184352384287,52
3842193502352561,52
3256022593902829,52
3260861251961891,52
4444870010719129,52
4292121204261431,52
4246604763859123,52
3268224502219199,52
2988921019480261,52
3377970174763909,52
2951593538446391,52
4200377845019047,52
4395101892609679,52
3387082699320071,52
4416351845060611,52
6887554879692911,53
8368608909911449,53
6825392906519557,53
8900884342730153,53
6199610550322369,53
8710345209728447,53
5548603943726369,53
8324095758048311,53
7897570103913361,53
8278661815302299,53
6806688056732297,53
8205460298060497,53
8917925330761399,53
5213622727060991,53
8293451141510233,53
8169987274293569,53
8017166644905937,53
8114137601762527,53
8285038900947553,53
8539439708349091,53
12718520573204899,54
11764152942821417,54
17928858742481881,54
14941173000909137,54
14337888983138909,54
17347685634722731,54
17083157755213153,54
14368850623689811,54
14553643559437889,54
13535761614510797,54
10951604045577431,54
15751963631185517,54
11703316319196239,54
16438757150206301,54
17353707107265467,54
17288186138627167,54
16842422537750153,54
12429677312520613,54
11554641180428657,54
16882759367777059,54
32940535244543063,55
23759319560258393,55
34090162014593207,55
33938355541248491,55
21552300939377161,55
34088946209634623,55
30712737691784969,55
35129368758362141,55
32305029255236501,55
25655722394141137,55
31943850234418189,55
35122671558996997,55
25613884880968199,55
23213991079092757,55
25092031282214983,55
30610236375834043,55
26603925114265427,55
33076987126993883,55
27246677882278889,55
31195573732625129,55
68453409247453367,56
44863016018955613,56
59385020720769431,56
63389998015765549,56
66313228266598063,56
66277089127864481,56
66838392446198101,56
61342179077075033,56
47526287334260393,56
56897448554354393,56
58419575648048431,56
55702186796227591,56
47162438952524839,56
67827944675657393,56
47841842737516589,56
38421237297878833,56
61767887542471387,56
69692089910116039,56
56174019153941243,56
71155994109124643,56
131365422303970871,57
125195307450011681,57
86856322413815681,57
98910635811328711,57
92515929916441921,57
78535480410526991,57
131804493105390899,57
112960161074084939,57
123427918906975421,57
96901722906229387,57
124374027759988753,57
108174829653241033,57
136868487500005537,57
118223969761886497,57
82401725240673613,57
114980952588108757,57
128387060529587957,57
108306388375807481,57
140423110775695973,57
115865429115481379,57
167194527257246039,58
271460648339363869,58
237533326310614513,58
252977729324340941,58
243308530117896137,58
280373121329274101,58
243519964476043267,58
240037681881709421,58
277130021434421887,58
202750624942935001,58
240857320602008021,58
197333855691139729,58
174194628439243151,58
271330365739289471,58
198656670567489377,58
275678012811146399,58
231459983281474021,58
183815372588524597,58
270934060667472343,58
196047043246335401,58
355587928131896879,59
486300992668785971,59
299011790374177567,59
515531380068329507,59
405029876299423723,59
389102849423458397,59
529203039480341693,59
395156923955392307,59
507582342014663467,59
405072534060260119,59
493751911749371039,59
529034283310543067,59
534211114773390473,59
475051958720677469,59
565046007563078753,59
553819416363411677,59
560286394896742307,59
383916298879011079,59
429405681359242421,59
521540100546043927,59
951701766213394841,60
793171003378076833,60
757222119982215707,60
1108271960640260467,60
975244463748741451,60
1149747219943813327,60
757938739928856229,60
889900223515280221,60
802417501480587911,60
1034734598592825547,60
695917405345435499,60
710796577960104047,60
1035996248318109251,60
782530955633741893,60
743130313450068191,60
1072573899631768159,60
1152516084616391221,60
1113133208236660913,60
950282802408846007,60
837796438110109783,60
1957468234744923721,61
1895304902230009531,61
1880565589639589537,61
1995928982844880483,61
1938877513960212731,61
2237124233298150943,61
2171858709427200623,61
2104960128526788971,61
1832463259007995979,61
1949420392127983679,61
2002596736480238047,61
1872117869797816643,61
1969686836344870507,61
2244975211204205521,61
1323474404942012951,61
2151233373757579361,61
2004076405374178111,61
2015930410319396251,61
1825929676767923497,61
1575319077903302873,61
4406425629317309813,62
3420605752247035397,62
3656689268231851681,62
4195077466965399067,62
4512649031224547047,62
3567259656787674467,62
2916722057241664159,62
2951495532265785751,62
4015435417223713789,62
3855609639346131047,62
4239168114757157513,62
4546662125686250683,62
3437211255851421673,62
3356393705525061143,62
2965796762207613953,62
2770049058583741661,62
3385902941218700933,62
4050022647473569589,62
3334559157295396903,62
3926164311477404683,62
8938746583580556361,63
9118011864410257663,63
8713696070139344497,63
8884308998860065347,63
8739482102610562153,63
8176026240245739397,63
6684123266247241057,63
6838048263100605623,63
7368369284326535731,63
5512867240473645553,63
6352945684770288949,63
7748382657870531581,63
8335068396149103043,63
7356602859594550999,63
7416373346523204821,63
6667273782516774419,63
8744462551338717877,63
6832810040256480491,63
5944092897928789867,63
7699630427400395273,63
16924149277288389067,64
14791858527530871049,64
11764073187630730117,64
18397986250633710229,64
15516555558466976659,64
12281356551129147379,64
14505086806342913161,64
14095511340129682369,64
15046051855503199261,64
14873965323425951621,64
15805875544723336211,64
13823492603212737583,64
17141449072949549597,64
17009795606921424497,64
15625298455376038361,64
16113333654315574423,64
15357050600132839021,64
11549747796527729909,64
16473792413183435321,64
17182503214847526749,64
32811829551384302891,65
32513283383124695149,65
36475536161497626559,65
32182223340203541733,65
22545808625639907359,65
29035841935843653091,65
34050272575161737299,65
34133456554791649193,65
28636222168854580517,65
29579630931423000083,65
36638255714885895337,65
29614984027674428819,65
29226882776174925467,65
32593125417569715721,65
35796237533700192119,65
36683305097497367623,65
25952925427438517107,65
33841500469622835173,65
36855580627801855991,65
33037427960321084369,65
46268788600479294103,66
41786717109679717099,66
65551802235174055231,66
64772535562071152051,66
66882397972648630139,66
58518054627736381459,66
62271093626297052247,66
50714456743167596809,66
63198080218372998307,66
57357271310131823687,66
66884500748708661653,66
64001802730994274907,66
68379800437157123639,66
63308706928523047219,66
70492778762699873719,66
61384346401360801111,66
70167870695515796207,66
69519010661497258919,66
53800426602995479483,66
72882420068530099249,66
86511695448369877069,67
84299740892897799497,67
118845184408595118301,67
123596710559093657801,67
96360452014474581961,67
87929126669976847753,67
88952805795984921761,67
146134709281282505909,67
139057425997874770487,67
114598837669237650161,67
87235081423186240433,67
133789716845435394311,67
132328466983223346821,67
124698782220022299203,67
137973464406307536367,67
123551934375183494627,67
120138336998379929143,67
106013553075820515553,67
136235554325777437073,67
132619956408772510789,67
291536708358001816051,68
249510097056545015521,68
244218080947851607951,68
154165356946760210743,68
268090096502553781843,68
247005180888431947409,68
252435439780382107357,68
249917886801786560569,68
261899613052674770161,68
197244916585105322287,68
276318373603230742241,68
271981902168218704313,68
293788027374727243439,68
241339535790048462913,68
233176745594296544687,68
235139681344350077137,68
238418277979007902687,68
277760231442363825937,68
242996933863818623939,68
269530510301563298629,68
376870788433480560943,69
461044600364138709623,69
450939604167926982613,69
471261041060912211427,69
514367505526053872417,69
540695699782912369747,69
449977164101951028721,69
367498621333521704281,69
505036864921645652237,69
431552339711228794031,69
566892693082865677573,69
439079900693636210189,69
442568299088206968337,69
389833777474955881229,69
585366307126197270403,69
439846836323288914319,69
435122589342112276919,69
579681519640622089507,69
525117687903750729217,69
482528720416604926919,69
1071758641458584254501,70
958639350314608473053,70
1065727887164294366489,70
914411993995731219869,70
880678455446979001819,70
779857984598212920893,70
819189059062226818297,70
954125831233029878861,70
1027835940864770015819,70
705017116306644977273,70
987946445097070525039,70
878312976232307572091,70
877090990384240221281,70
823471798671874649449,70
1167533329007625473701,70
925589002094959367623,70
1095745820173605349487,70
1118740148138785533869,70
815649605039166987653,70
1092854514676802288539,70
2176565396217290726491,71
1981458754138807475341,71
1968181269221787733807,71
1778778085996625805107,71
2263226152662618833519,71
2199447052455216678197,71
1395090136601101423271,71
1441559972264882861483,71
2032715083918511552479,71
2230771393017922779019,71
1888494723125630657579,71
1782063428526777023741,71
2118054437636779712449,71
1674580414948662118717,71
2202280169141214399091,71
1569387237172164038063,71
2198896900165811223491,71
2117519690643020905247,71
2158029698950644855673,71
1644493785777333974513,71
4297575190446124674013,72
3960280238582601326051,72
3884399952696898903133,72
4528199112714857260411,72
3974529608320630730513,72
4252779564590530755757,72
4355522858030794919299,72
3474377496702571237879,72
3524621914225455329089,72
4364164414605529711481,72
3749648826032563972951,72
3905375714783016371993,72
3633815285307308788849,72
3245863719393477215623,72
4149136969275444993757,72
3433516134762992244661,72
4202911884355312981429,72
4642540864936231526281,72
4248579183323648568749,72
3788386596278011628837,72
8145730744641062634209,73
9364516817017547279249,73
7290196585141426491631,73
6462895664902107987623,73
7042072133545306029199,73
6846698277953204708423,73
9386079288538465271851,73
8518118484095081679677,73
7586876913328165052339,73
9257550997784334552511,73
6862226588070783142471,73
6905890714719420251281,73
8101544247735758838797,73
8800949474063165004991,73
8159418891396133295323,73
7818030383720635055069,73
7509976551494823780457,73
7123812474565390479397,73
7127502953572125334703,73
9284788927834411909667,73
17976718583800429190861,74
17686869747756573859403,74
14881722776818687914161,74
13945467335295037440809,74
12642404423364687985771,74
12824623120861736515259,74
14181605049182117972273,74
12849957521904146258273,74
16933615039623160028599,74
17450456852046067315747,74
17313185987128164566483,74
16850251753253363904607,74
18719189225759095932899,74
13496580616197310914761,74
14580750062529377698847,74
14058230421218295384701,74
16593853219790682272893,74
14280840223713355675433,74
12496567235253709842953,74
17504373769947569408599,74
30869178098023256722481,75
35091786227701700491541,75
34005558803630433094681,75
36529843362923784484343,75
28474439944991113355453,75
32246606139617100713749,75
35851582438771477737361,75
34200098906449603352263,75
36972713208442613215583,75
28749964585123012951829,75
35469889792819007927939,75
25898443365077857104731,75
32983924316422046849291,75
28503672878003142745327,75
35040787497613638853003,75
34383198121541771065747,75
23268530410330642214927,75
34198370647813956559351,75
29665939524837717102751,75
34029022083665706685057,75
65888857169969318532269,76
63283609855093508395591,76
64173371773121190681691,76
60963933444048798604877,76
55661957603921369536987,76
66472301477211919604801,76
54007705770379179720527,76
70508913543161198009687,76
74745069766708177893593,76
56845921113818500712957,76
64054187059628413687531,76
70288413261031507488371,76
73334382996231637612699,76
72638673058845594736067,76
66453821268582327791303,76
69073938880956594392201,76
65504845292385533874181,76
57327630234674107936723,76
63380391250913595594949,76
75276992885381092509797,76
140948578025140832781563,77
96004747768479610601881,77
131819628073957695046649,77
121643182856823416039567,77
133278936285481096939469,77
150172090891680272187287,77
141912436442714220144859,77
147858096270040186795487,77
137582736213626493765397,77
136549774334804276388367,77
122091622689041984929519,77
109447391046216402806057,77
144109581131566148355931,77
129621932600112345363137,77
94830184332003722017211,77
98281051143230503268293,77
141499061229211946895689,77
147284460087646436732393,77
140529435361414501771283,77
86054987096718599380417,77
210497718208061974597351,78
300345147339970421792491,78
276946273219158989214581,78
185818253606437769454329,78
277582072558171182009031,78
183846515668649420939771,78
286433217949632621949777,78
279054453347800767569627,78
272108000423114680208257,78
240541366562344965066403,78
294411824109248583411001,78
176772642637863992805089,78
238751521214175523547957,78
263152826259193157420953,78
226713418117883966065067,78
233035052786149545906263,78
219642008412702409052369,78
289914665302173589902017,78
283838826629543973812597,78
255098955118552500089573,78
515705641674219881016203,79
512425867417235020490081,79
346715865584329633620307,79
582007363396716891129803,79
562516366773942200201773,79
492644643179355677083531,79
557885612973523651846427,79
492499606337495308893239,79
553920016854458993126279,79
461336516480906802405139,79
489088920006955091696443,79
493285417534664421338297,79
495915496757202436255409,79
562575396952852013512787,79
432138777994680900500443,79
426501194239477755874261,79
585918398499021670565089,79
547077813635530170336361,79
391421798868672848674967,79
581319746451405817951259,79
954073817441257717770869,80
935964817413640652261423,80
1038904074921942081417577,80
966989119239105389467459,80
1109168530324580882368631,80
1124498505100458811737439,80
1109049022666982701546201,80
1126118804430765596282353,80
971222815906243756001917,80
762015060409583870867501,80
923603636645294658033593,80
1194548555209235146667963,80
886946037909054507820417,80
1014630652580901011757583,80
1077814692521837707163387,80
952196531494367649300071,80
1097177020002973944364051,80
1164476301961117900944757,80
1082921613953539230452663,80
1101978179635271935508143,80
2264411426759576228843999,81
2331622973952782931783217,81
2315428870818001944625801,81
1684604230651784501249903,81
1800646332742495838665573,81
2199939188206580218346437,81
2407650823645792980356323,81
2295720080136455698075507,81
2403504395530112553354451,81
2293758632243806440330853,81
2294032798698414287243573,81
2260644612781044748750507,81
2274856554772844531889583,81
2248701098447642834735177,81
1958343291271400638649393,81
2318530281774932775597499,81
1562436032268405753060271,81
2288325885245156819269993,81
2375447400333681009701683,81
2251050545333356158495109,81
4353788078443970578940093,82
2700385935326727864747071,82
4684034086114254699244523,82
4180846291379038775121877,82
4541654501326468337425769,82
4784402204348641313968021,82
4596311297090802937608871,82
2580698874784198720107299,82
4126705337375181095423221,82
3632244291452620062608287,82
3740973627348750492406381,82
4547876902916283333979919,82
4321039891728422683350253,82
4320720374493609132611069,82
4233796692548947697341739,82
3831297132910925491872913,82
3949953793718423073692821,82
4785155517243721409438161,82
3478300593411382743386119,82
3530697818788776210993773,82
7216917081989878629697277,83
8575922035188827611634261,83
5927601741408620679111229,83
6388927133325042482473799,83
7644135589082995353564077,83
6032598268943105526478843,83
6242126367137906706852043,83
8441322714795106800860633,83
8095814272745109729454721,83
9382051511951159175689777,83
8753734216151793187200943,83
9597044143774700088710833,83
9446917731678073351867493,83
8515088472708928213313281,83
5236923334525671546255439,83
8658999629224300171833559,83
8689973123154633229592509,83
7946203849568480531387899,83
6371276499735441025317353,83
7627028338084355748528037,83
17619759671516332843312699,84
17110506846251822819410039,84
18496017967396481860816807,84
14498570135619594961981279,84
15633668933155835449365143,84
17774804126484086205516689,84
18957597965947281243075223,84
17608713486745692539095013,84
16470296083503242280863687,84
18817980776941240852531333,84
13379786228809457777659201,84
15844991877555182465070433,84
19057746296618490286709647,84
19009081227556833784291523,84
19220284655209594130803829,84
18392983086500901305734049,84
17403880443670770500247383,84
13988252280358254092916013,84
16359588763583483194555741,84
18445738619332550205760243,84
37058122365916960467732863,85
27296827464451590081908693,85
33047992942477370203597451,85
37842793160031999497262739,85
37015753827687332861615201,85
27249737084184104702803301,85
34363023207071336088011759,85
33019863960556948333877719,85
38286351802279297257233347,85
27789001236977126404511581,85
34139977114539341854352393,85
37674751744698215186094101,85
32041482653486187183761267,85
28179329237885802122024609,85
35112009976363646187505841,85
35928103721729833358624783,85
26233058709384140030344379,85
31577605739703132337129933,85
37567733863294522427154019,85
34134228670799237000354701,85
75366066452959784873812667,86
67240656191659510875396101,86
65961980846662915605673487,86
77261165444991001274155987,86
62794145917472720879350273,86
75334341248764947461701933,86
57677169802907022517818413,86
43056317983788005809317901,86
74715095780344938714012029,86
62813442098659319387148029,86
73891095679028061850912369,86
58379481018810588870911063,86
62713943155536478800993797,86
77247791168182996194691087,86
70911341222332150181847787,86
51481559294479825026551047,86
67656637672078264182179783,86
49350342840614266471019359,86
45649289853243487730138993,86
70114930952412404426492533,86
130572591090987950471668807,87
117010266568362030252186901,87
116720817182735014623434161,87
145173617264838382920944633,87
87880780547014609698627313,87
85282461645013700379614473,87
127712072584806938413034461,87
127053772780108901260747501,87
115469562353759319819767861,87
149961631237624165160467577,87
98995271772710819380365937,87
151589412837473453002508713,87
153167652154841674532145877,87
103917204646148189761233581,87
139466133404217525490929413,87
110488396752032806373624179,87
121406729751679091075682089,87
104974608502411575703185673,87
133258234189448604774385493,87
122375207156752843591907683,87
302069196743761609621340957,88
205512340911411651492253441,88
231428351231790118630266599,88
291347440194556814721347311,88
231013951349554645686940987,88
204051769431582375060115979,88
292856032975069277932635797,88
190883662556491772254312313,88
249947266468784617200474499,88
297256639736105139290348627,88
190717024547750650739984911,88
297889818682451162869739831,88
291384663040519474551563129,88
309297907945213236019162001,88
290548175721660438605580773,88
224239243695976810987179587,88
227716570785714406233350629,88
305426423625898724757560009,88
203858864492748106089868093,88
267164629484629181672193913,88
546743988968854915038541667,89
531198017752961385313252099,89
521568777980510323217238547,89
590781804464474855660860307,89
476629398083487880502975653,89
422260285395835960166239343,89
420194714379619056668834497,89
554948484793854829186312789,89
482793039987727613632266379,89
447067421379200026170725191,89
509142663448453531590847057,89
434105381163559126811523521,89
508832889814258833629429257,89
615546840502428801406006267,89
483889439943529756803598391,89
527844375417856035163627589,89
444251844445543612439771123,89
431075579445696847675749269,89
521043930097519732385834239,89
413785047512357395203270481,89
956605702778486261806750363,90
1105776549052526385278453683,90
1221805615924382462490457763,90
1199733707590906877064006059,90
1187254071009764160447378673,90
1113263989172931398333845123,90
1039597163173051955886105557,90
1129799038687920476402330707,90
1233180086897407354633074773,90
758095148101877632740317581,90
823271534593276457266748099,90
1003066395722866416585567851,90
966135231597796481485109177,90
1100295137375980196962423471,90
649085351111741936230439647,90
1205619060726463386865678241,90
1034421778512790916027578069,90
1004341613919272306263712387,90
1153210281434374641285321431,90
1160917755705640150448090491,90
2277780557114615267087326273,91
2370359141982187840068185077,91
2265220892221235061697191121,91
2323208043810169449551195327,91
1940535633973241438177866223,91
1425359521086431063144676913,91
2270296123971168439593275551,91
2360268237111936275330489219,91
2354096706511913721764676197,91
2302737018979869332461200437,91
1427152790467191241972011497,91
1540267410554829626803198159,91
2247375150717459141502624819,91
2045241475397557062219755561,91
2467259590974113407233979531,91
1806189587463591593994052033,91
1746895266641955424374368753,91
2409646541016438727292227039,91
2198586503675618769907304849,91
2271534930060994120761930563,91
4759609443585680247407440757,92
3611526279703786790899189519,92
3743220104300405231083837667,92
4725622215446857491654412631,92
4896765944591274296828387497,92
3461509160798711607767336263,92
2835695584420709995290992557,92
4709339180278302957384577367,92
4286293624987294089522419333,92
3426990776721520660863811099,92
4130392509833359842233866283,92
4703458257052697170699798499,92
4191685477519715477603096941,92
3799798012705550724219177803,92
3670442617175876320079748407,92
4309076008905452101423375211,92
4142994479725561874153404123,92
4372485460730471654912526551,92
3031145397299160327557085181,92
3807788047705908243427042127,92
7462440495031038318903266597,93
8222501205013004717426241457,93
9141695668582127218956972383,93
7106453008518307831727736313,93
7492064266917338081653424293,93
7825998291313078022436964651,93
7731351549435514404576467963,93
7370480436126944188280091077,93
8146533415442452723709128837,93
9453758461252587091298401171,93
7262426218013260538142009047,93
5364523091814186975055040521,93
9674074240001685363047664743,93
9780905200232332012478920853,93
7956974580691798529495267041,93
7464754835616759300600340429,93
8508716687098014398508619007,93
9489613348875203060336162281,93
9300030804487417168445719999,93
7124776554280439699913192361,93
17918474761245129792445819849,94
13928862462987884359826143831,94
17136703667027812323216557579,94
16864974659870285406316615957,94
16747351896528381273277010503,94
19790986301674343800058291831,94
18762609149667177733428330839,94
18602836868566371776142036673,94
16014195570034640751577856939,94
13961308516835964517013480101,94
13712291755746678167007661403,94
17476039038203216062174955917,94
17951835033182455842711507223,94
19096557501482360622749655373,94
15501319193562468033550307957,94
18802393219582469859804279367,94
13638292023221618365939319179,94
18596115096785256071354309329,94
19441824986916590093575390537,94
15551820667703232221664358961,94
33792276214394256163392909673,95
38817425546173260096717480583,95
33363347078448893008922409659,95
30721023984879247191681184931,95
31027949039552158518227146057,95
31915901364640313054342503669,95
38308519484648406888109763731,95
38654076059692959027491717833,95
31257193868351405597914485541,95
36613112294392789677648333191,95
28639385963956694344214371249,95
28797435671820959744401873073,95
32819026081624794682470620677,95
27392749770081124875736899067,95
37285950683486350656255148771,95
20526536070930040885507318991,95
36927511718514791534580100283,95
30796630469428765003104886687,95
27799053558805636319776426139,95
35652859426887472605817973681,95
56701089542210230695556648903,96
69619524961140342820135305721,96
60351159242795362767656221381,96
54844608398237811466128100171,96
76233673892538267458436789493,96
64097700025860172433526076589,96
55651560160711835736362004007,96
76755485506531180563166619213,96
64336270425070514985185034497,96
72323136541445236838588350519,96
66111630238594547015775040613,96
76270917839636596580750717363,96
74442967766493322138196577101,96
45976739135858233991617631891,96
68599936084392187286083355021,96
66389093317996301727998961301,96
54415280924277133215494019029,96
73538963262236261076940889051,96
64152937876484295505675367897,96
74740745025677325223458401851,96
154866532052539607458075532581,97
121114110067708834638244291909,97
103438997891935023913112067373,97
139280819011133562636986658053,97
158429006794613706653217264061,97
135864689365575513799989997801,97
100799754077422191396728383879,97
115034515768980421273763839427,97
151895712656864963213477121377,97
147634303965161487536112597853,97
134404477046881348376216567857,97
116250974473571329742671443373,97
137560857217172364925356371057,97
129500076887029422678981814589,97
117994161629062865709905910833,97
157259111896373510073568826509,97
130183036977273123285328487641,97
117260164644006641866741416161,97
130241648334063982939496963713,97
148073751274846112683607144767,97
288826182562216017281865547123,98
214424949046240221281859052607,98
301826342848387526778140802197,98
308750500225172874693652538149,98
286462745411709956238894892523,98
301603707259121511737096430961,98
257466013401243600280867678933,98
234340641561432732185533250221,98
219672500208465884189400610289,98
302769076747338543601133536693,98
306710148863399756282196083927,98
292370633740554354577247877737,98
201223321108207455967142993107,98
244030270007315047175923081069,98
297425904581832069062619819887,98
287940632300137220068992618127,98
236541683404056804015260684279,98
310802631906787979672020814317,98
238753870447692478200161260373,98
216375164514241105996215180167,98
471331907093660496138543190223,99
451407797979773116387526923507,99
598854887561572602639282490993,99
410842352608103074343236180039,99
540958736642583215531908121249,99
628089843158168170749757177421,99
590836468306499707957133491103,99
627639063658891634309860582151,99
504006992941950195640198151531,99
605989386696637898242912229959,99
469667840716416444398828440277,99
496967571872209827120086525197,99
626096998715258979074151238181,99
486946455148882563489062610247,99
543937711560762787987542435589,99
410705030983827950568958889417,99
521721095560762040839327455677,99
424678460694896162875202439439,99
580286979855987815519362566241,99
424869530809068118610853179081,99
1078004083984318815765505102729,100
1219934212541879219615302111367,100
1045849874934280968804397250531,100
1240472014237519994638101625103,100
993574591009689774979854332941,100
887051767695331045145610862729,100
929095686808316889900059669077,100
1193579590572112451866956879187,100
838326796460335035820415147719,100
1043495969135467994598140270713,100
1192302218424613632842155089637,100
1072564908594855313126857278203,100
1033089489091495796371034837237,100
988854550108529292002403562067,100
1079785939599211969334788673699,100
969105055056856189286917903183,100
1116510491296284767326636235549,100
915978931903096150420876445353,100
1135370394422558125203620602943,100
778616946996641663607062881871,100
2299503734599307595700426959187,101
2450424062261644244982342867233,101
2530246464614663359314839903491,101
2234390535700618438315592345897,101
2503763790016062489150890029003,101
2341770576880847498668369111273,101
2275759115811032555780684738159,101
2349294082549909980047971557067,101
2370853540052686459151672423159,101
2488056533074490182092836567441,101
2015025806220919773767856633937,101
2529716744071174373203040352211,101
1846511095177965491194308821123,101
1930520212873782576539878829243,101
1781243840742144424693229667829,101
1431599136513907845571007254951,101
2204857411298411975504597745539,101
2015092216742184672672585940241,101
2415239714050716958947250555043,101
2356980987890194687163316353603,101
3917101368455960515885964722651,102
3986105493842798018377709615551,102
4060812096388741020817284838721,102
3749914544059792733340037373551,102
2742210969087861921056040374383,102
3464355781117380156242794553173,102
3580122353713167054205576174547,102
4143644942791808846468347019447,102
4103056399914142387638304971409,102
3684488657936062105828723701731,102
4225522066448068776308844365149,102
4998103935847809907852364214493,102
3503117452551669326234633054483,102
3641068280162622358357085435491,102
4456766934941287765706281557961,102
4445500241889996815923498052177,102
4138100701037498714213030674607,102
4024085784647458475860287654859,102
4436252952935142480443522756131,102
5007918535123054899061661117333,102
9229701208650466643394646381859,103
9740339835502256622917331488513,103
10133676412078903289250865090751,103
8024074801378028601713629132403,103
8430435128690094609745172716457,103
9355686416334047629243560866989,103
9068992949854993567246048661609,103
10092199282868949127294588559393,103
9519465277657538133284670262081,103
7577433636911614636632950519101,103
9947653722756453565273785906353,103
9879994327599763511691075971053,103
9382624989864175379938309499663,103
5754395896771471784472763071041,103
8476024858062748808746992278839,103
9379115192295547929414192022241,103
6895887767658102092623227596377,103
9734153660803839947428409977691,103
10102126284835733592256851907499,103
8697648795281354884066098285799,103
15305271397952783207044260463363,104
17292955044319910149431809944873,104
17075235345859990366492587943321,104
16232452781145303332695624553123,104
11616634168008866530979218208647,104
14854423796171723279983985404099,104
17197478366328069278674195912897,104
19154728096859535084335137550141,104
13605438152267942115713202333649,104
19003522951002258105696371733773,104
14001393464753423311045679122457,104
16740501575026216381886853999973,104
19966308416625245203872521859151,104
16252991785136633328284454781559,104
14692156001206211249403949067063,104
19727011665220208125404556713691,104
18803981721574293619081135428539,104
13493756529696472803264941112791,104
16829708469806930513629286933813,104
16708936625270385460825556101741,104
37672793423600275642723121271937,105
23484421709678005063871069390287,105
35104990362834464236838461169821,105
28026666923933253616970414743849,105
35317278103825606476364998464239,105
34710181740690533626494840003433,105
39894411793767656339829800186039,105
36074226702897147481204215121313,105
35077881555080156100702252771109,105
24817384974875675646314710412239,105
28200250888037552865476904531179,105
30855248790422801251599621826961,105
35963512871884892165510236218431,105
33765370837929581837362762820939,105
36631083811133503817070310138751,105
35583653558419382428651244859041,105
34851870246416753036807439957581,105
35105247774367118978921568072959,105
22627407554776534456940246222971,105
37092743048148741305461455892547,105
77106414266217786564302939781749,106
69603644483876400858624393262399,106
75010000155926069518119443223023,106
75592468201663812367899182516401,106
57861521562218384765308084332541,106
71678809822866511735926768891613,106
76245957721934901386005496196427,106
71983615556306154381666995300063,106
51618095073727348032815931797797,106
57679696685730712770041349026723,106
76365506568021753934750743054577,106
67723910834154358694260226731649,106
43031259267658166643372533434141,106
64697782303674329567983077832253,106
69242977306642670056182834668483,106
79116591081338993718549417671363,106
49589263196341547482221742778137,106
69097563580513489514678386958873,106
69485600038236132854645984338609,106
77283205171291575012701767402393,106
136555896099905760362756514332863,107
144017915423866090303426174386857,107
118860382552736769166030576822133,107
157789555107032991593757239036569,107
131198334282217014053001124830863,107
124537570284491342629003979219651,107
143000009300211413800301497301507,107
110460566156004057318172327580329,107
102328125776229235087968235923881,107
154491504574897098984873500318507,107
122645224072003750144204868664943,107
131306282512373946944705096600947,107
134458602464532586937662419213481,107
99899604917561571501222066447097,107
144345456039967794512357314695259,107
126890718399885436334333401227299,107
156546014926291444263322843074079,107
115365597175732523556071742238129,107
159879046963008235041522885848161,107
156876804869851126837000905237643,107
266906920974107311845736425853757,108
285651263624192631585941040049427,108
203282724073311983667063575986967,108
318646974946562760210869183693599,108
282843115888507105539149043635209,108
310089088152226663256867126423953,108
280274480618949929124774712661203,108
189901746490277726905161525473191,108
229420648378743676100161622619443,108
272233953566094092902625189417669,108
270326202805022687966623015302187,108
237890590527003184102456909650709,108
273308600951228539657831672470703,108
255023349119185987612008524668819,108
255506924698060587125528938617211,108
316030630261005933233289719949529,108
266098229014233381263828840016739,108
218107771175077705369474304631679,108
263097646330442488222718522580893,108
237475878744186476167823819187511,108
539592093558097270715946104696551,109
605503620552436086029296204784543,109
408374458235836818639785302836577,109
384295032494103974820729846030499,109
488565963609447863322176745058849,109
626615761540855162330384541271961,109
497404500807308530070162170831303,109
570250981575996802600753401477157,109
484597596489730804717462728661103,109
582831007789154722379729794766921,109
466401990294438480268487972392319,109
648258755720031983647765995113161,109
520884800187442482472671665437949,109
503158909642796212910275554219821,109
534696359904451292992576644252847,109
598422510391219145436445541389861,109
626811167095349224075887410013433,109
611944964500139231896813737097471,109
503844488296808904445755977548657,109
388317618467327692057668965209429,109
1137731023476088264885788604927861,110
1242103720062448343833029750903473,110
1008405166168819642774904622808361,110
1243482336229443980663249744815693,110
996591851449935675835941406911593,110
1194929809574675109407266966454849,110
911086181320543003597291009801223,110
1264940536250521071706173956150537,110
935266040738713939026144699720179,110
981465640416163897639196740322413,110
1295867313797837228062448833261187,110
1022982630584169104506829194336147,110
1233397979382948590113240950487831,110
1265074178801565679473316950821047,110
1157477847399285966405436368878959,110
1165959112776154303866125659086373,110
1231072323261131367022557935250637,110
962825020329439980807580020634223,110
1215801391510341907813183937270251,110
992753166618351250468981599878021,110
1992925797718679618469517234325827,111
2114100450016298536878636252841847,111
2314427786653562300660277388365967,111
1975491616789919955274792168465757,111
2496685397337762436647764736013091,111
1812706805661593208923830726137863,111
2163895615904440722768423485725379,111
1632607825704896352679298814644057,111
2491268200522741298269738061658259,111
1743570358905000071971152097127267,111
1612283954089567063524425946721523,111
1930031049337111799280088493576393,111
2214551705009789060151036962049919,111
1997148546247948008225199162428569,111
2165555598453857182031397167151641,111
2045816819813966406024693760598573,111
1989720502895096212734626394290453,111
1933461473138072059853629828944691,111
2369867327896591305119738153636929,111
2254342324715064143551220293582823,111
4788034795666394329434900296987797,112
4319626451089425276543759018207893,112
4882763715333324282506544613053977,112
4809637241638631567503637010914473,112
4791628611575362503074240592599869,112
4532067958997135323570389247554331,112
5164044504098934804680144301921601,112
3961954471804630662353277635907533,112
4149565846041351921065738065354547,112
4915646736465904872843211458700441,112
4845405626074558722995338244063591,112
3621723771938233938436746814134301,112
4499133653478247383233289956487289,112
4412454691239253789156431779387803,112
5168503055663994574943170305591593,112
3980723937753900631418903650465859,112
3613666987277214933198673882647523,112
4255968751567745093755926201099361,112
4560903959234391120595279843325059,112
4653338145174325086571528206024917,112
6237855050166155066913735998679383,113
7788965020674737481387557517317029,113
7862970167792427825713870341563797,113
7566385318826738110584500408374621,113
9658899407579937149511253356426859,113
9390002157197569736718511558251113,113
9958396047072458836291190120105963,113
5577975049705064485124036769841663,113
9936447525613146801919218639990373,113
7010372902939171725115465839833363,113
8364549130012229902196283728658731,113
9418449266755183481145533591093747,113
8707838812884561725553369631351049,113
7698315036403259450302945708742933,113
9829970273926120455317229435723619,113
6753474471375263938844940136590701,113
9855157530492715431137303890922303,113
5739789936195888604254253910588213,113
5808348999010249889270541869589347,113
10092415998482571170620599413891323,113
15377295361260529257816246632396033,114
11114313731229722828435620359674759,114
20390768283604652568709657880060999,114
18289912730139380842739064957281509,114
20262716994597234166281076487442659,114
16792670585988754420851085749917593,114
14874069905147364435968797175433449,114
17372903388680693338822349649594031,114
14393813265653895166857668395171249,114
15371274267745435757570321368811207,114
17644675526943847191753789624907097,114
19698678828880036197542729030386949,114
17648204782157771404420069539743963,114
17962796295541969788829579841859973,114
19493511131166592285980541405853153,114
20120045244413501214789988844460121,114
16243956509699939256614540772154063,114
15978208898042204095863312296541919,114
20373039923639712523875919672816483,114
17159726551698414309840978016224683,114
41366655305735229712226857027323397,115
32301576806012839114533999285945023,115
40338673847997659342738256451455593,115
35829012623348916876001674907867909,115
40159352868551693704550636435190911,115
28832683540788031004033382497510387,115
24605447695435350228429860088626851,115
41015093048608822789794024781111931,115
34464942776262905283633653840309081,115
32701457987346760279247726214691583,115
35486466245920753140171489397129577,115
38832763491623902676220952391087431,115
40315301691550440366295833070879901,115
34416367665150268187882670542947183,115
32528008551383514580247692078355603,115
24895579595918538778750952409416693,115
37740743853335668576480439989143893,115
38538122906032233905189750757306673,115
27110403142911187586614840503210347,115
30039300241771851089188145013106451,115
74399962315628198025212165249501587,116
59442794630488948590550285388018383,116
69607719308582860326904412982426041,116
82513808085878331015642964262825207,116
68137648900929264709094435148951179,116
53901043852025234170634671605551813,116
67507421479140780606969575209538923,116
54681263440033172857552277799804283,116
81220924565153718628719513474583283,116
50276013439773950263398888017205647,116
52079378511108759905997772515292679,116
65186798838086596911827978375524699,116
55792864803832621684581977687436229,116
78240119354759165750901285651853223,116
80023189669792184382498230123408809,116
73151358960985244774588962143904279,116
52641218175960460761152091301037893,116
77191835743858052294199865875756839,116
42654365894786793957907003814473193,116
66528745862066641581201089700191323,116
148951761568582926330804504840510743,117
128194391983761797365210663106164489,117
121398052296203402335443183596559367,117
143788114344848265689570380158889373,117
141167424761039671032304746973442423,117
123762585449062681945562420866937743,117
140308519635361097526430368910109587,117
142511379104645889942444663720810667,117
148178417578331373285543911161519417,117
104011326733248924438699742239136049,117
144512447001260690924694220320975967,117
97951783893449406611782466303880179,117
159997906730307561505918842651276257,117
111868246902603703922554182905688779,117
108125523108604548649424270049641401,117
162037986152706579635756780771612951,117
134819746577947348910007408039320363,117
131217411888899721150152193646305491,117
106041025264905707648673106393941557,117
120447093770413302849186859119017341,117
229742049276513446827742696773802699,118
254640071117647274510137417392539509,118
298718288104576779510786271313251853,118
271529326465178424937535570423661451,118
301023195979691989886166547773166457,118
308970807984789791925526624112293459,118
265052321087108751371914102263756347,118
218071873140904882225991579717602069,118
261259754799552444498707362775983297,118
224013926464397479578649560386005421,118
308703440901266448366925338466432249,118
318153635850248150967537320269683103,118
246205455365461457821848920507286239,118
298913345571428416947648970646432543,118
257219968445807712737033547879154957,118
282620604099532133097070567686774943,118
328156385458116730158048798725207171,118
281029495732036453021533456282612419,118
282699081172331364938833660421487419,118
316007668748725482185991183850759123,118
535672696096653400683585601573781437,119
582176273133992836509642476711460067,119
399177437720187868086928150064448461,119
399621939236356381961622774416940887,119
602638235550872974016448231662335597,119
653594128885030329181395397679522993,119
394879225426224650008108979522390177,119
606322487950006602847050200399676901,119
549199018443294858098315285924961653,119
580638132393533750570609422600496801,119
634636377935231424919771481455962101,119
638419672611693836734557118041182873,119
438482251269907417345849812903649633,119
467620405002023916459702627557968349,119
507957924343269609833282246142948889,119
598123648625660047235199932201090801,119
650589268737659212792940866064957371,119
580066602656022304364372924878198223,119
580405962710635252831142434770446401,119
635141688593190319054617696236171189,119
938389427420815176201220642307916221,120
860469465519046432106328871811468863,120
1319953346938976310990212574315546673,120
893300850175128878934547722180977977,120
775282633960679293414093619802126071,120
1276668883441727677635476373913521739,120
931532333375238972354802029081061607,120
1147169728492693536309452884999600111,120
1289396941348572196384720835268832547,120
1254612526341643313182222068459544669,120
879326455329973590609775993712253631,120
984114680393712995097378847749033749,120
1110047359805601116471591959059494873,120
1211118660894327269181631916757151739,120
1248017318897376654617131388408319461,120
1158434558532598605522028011023344189,120
1312689481698670385941834839326701027,120
859751212064751585884256205650221671,120
1328614136818064826659907336069549803,120
1168073668280972923502969947660800023,120
1637962093910241208256052000347426813,121
2592381711589520177475105114818314067,121
1653564598234168539800404310430483157,121
2122176876881385121289608035252992509,121
1710606621190906654813956836531671271,121
2206984758787121269189672431549287513,121
2228275090573380080858497084737949669,121
2245325587936837251916828647369223279,121
2381907858739042398276560629867922431,121
1727826839242904253611293822010808179,121
2645681611318713225624179313620396531,121
1422842638620081800685154941225333751,121
2628913897842441149738321010208438601,121
2401890558132248427300466315551755797,121
1448140691267755614442571207617989929,121
1927200103975017506209422289819227083,121
2399858265570917789288708967094171703,121
2274838586032379693409648675738978019,121
2503205292412625876596615959266456161,121
2110239683727021217712536690187770943,121
5250785074204901583992353636307830061,122
4152033668505816109696773735015935447,122
4983261233474124342421585570129327321,122
4652407307636444986844335726546842653,122
3760345979919764019075645155902707181,122
4096100330559526265598573263561617759,122
3466257755178293624781767489512901207,122
4112452307039252638515571768574926471,122
3657877734061722319590363044632196627,122
5306414605026377920975511263953091759,122
4904886540155583606357168035358192697,122
3412743194361847250367572244291041447,122
3630400881675246618861372106764903397,122
5288457902850327875007802741445266457,122
4547571457054323640428950957055317719,122
3394758402759600107668369327057623061,122
4868779720835954240351212712954903209,122
3525047031887635555393806845950721191,122
3811316801605727926745915497784101459,122
3938506710778894283094386825641320031,122
7846393038644763322695897276024419683,123
7867272405534988600350991597405360603,123
8823595188754518838096341173146716509,123
8867785695642037386133979035895798099,123
7706712884542924819092166834248455819,123
10019752380964759890048653292509433517,123
7952058033536477978406796330074665417,123
9797249396582480767284803122559451151,123
6461480238690861654548638277419822681,123
9291097174031506077850767470797562617,123
6494466293095706044165237599239274431,123
9481667777413236229504919298767651609,123
8936476317669847714964728252153012409,123
9994747428087582213041256044244967063,123
7615021776827652697228638937825978889,123
8168344998291750709968981306363818317,123
10396151358663138375473368613106746041,123
10041918390128196693196550228094428251,123
8331706491555835935550383682144762229,123
9830146069440780139805488293988771333,123
19924284504470518177906039948147420649,124
19316972199484095662080721968126468207,124
17287276427214292555396558780399921859,124
15742133484898867357312466642099270773,124
20941057035939286391394428882071667119,124
14848513041091642759605626955901045207,124
19979567476564276851690848945874512321,124
15372336984011832410449591072062962003,124
17867779116480053889403792851877835011,124
17257765714733290740366076357275337873,124
16553607100758615998975842338823187777,124
16649809199819797096785327452686767787,124
18326409728534699232783352167116528099,124
15703563872878362871122524905577464981,124
20873301350875581058472683150149275971,124
17380542387970107295908778478359853203,124
20840004358571821179397054905863010889,124
17341982117168631337579981179448591463,124
16148419596006235382533969427637734047,124
13178756094401242451557012337473171009,124
41301748669466356220119913232651745129,125
40192807255160776602554433394860665621,125
29789687534138297779989923595702187279,125
34805426258282080865966738744317265411,125
27764985314966783890990743983741689343,125
36227787452085128774747485561639513841,125
37623021617470604049306519055615849163,125
32511017498619031884387429641594486797,125
35988975564456269804308820971228574467,125
29886394308234083595090146488426061783,125
39538372667921430004268874193336076267,125
42381410761336862266129163174106613021,125
42374090666260676459021736281288496439,125
27084198939813627199515224217988656293,125
35126649252411317219703937675037405903,125
39550783982189449864759057079401067843,125
38343830221081551236557735757644767979,125
41291618123697142167794148040667827471,125
31375331029104184265865834510682837979,125
34637936265401181971669094434438096789,125
80895231526970913327090342373057643041,126
81604386052950349975491625872620100023,126
49950862841120158310628714992862096053,126
75923790960173816935238719623115149547,126
63968680701495382803619984206477391327,126
83875322412830353181872701633309291943,126
82653311365909498662080325232528701359,126
65640682318440432245658536823274849177,126
62089437526124452640308509070883708131,126
61379584376000721394981297860987299933,126
74665627877195700115232352711206684411,126
75987978589189976406502971840404469587,126
76864119963664741102932236885999609843,126
52093119820092871229009735818998877477,126
74700670670463955630518381314022509497,126
69744786302734048853283589989596532541,126
60660241818974758822725767553104784743,126
54655639841190224515161440958925039447,126
67167089010500359781841915386351189161,126
84685358497591523668036752606142697857,126
133405672485534560081751112595479058309,127
155053798282142984473190247373225799087,127
121657141799395904564778389522439380069,127
145988821920816399823740398159314843541,127
100412146288787942603778249412173646469,127
115833113926444706423306157205290057977,127
107150028380990549381298140577119883403,127
141736577720732805071446957070108900789,127
118903559142433709791251773328244829249,127
141863421112381372057916272913453851567,127
119636244414174074531081337544289119091,127
144820824425024794897548704132216848217,127
163854484687915569287406772966219538827,127
156422981500133797754126240301526975249,127
128248539282357692788647478789197487477,127
102888419921603564368430811815218290361,127
101913971961878040421349968944772106293,127
118790259408081298670183479343990871479,127
152639978237588044857930922936748976289,127
138348463899023206960022422205670072563,127
281707031820453544004607859337769062947,128
276191738777669914396578040247099077637,128
272244492375506980376088502003260590711,128
241862347685512649539935535881114375731,128
338967567584569445596883702479829158381,128
241327313779790828786426621109026895077,128
208030049255678725031763807902154285379,128
218356094198421039119079369181496580523,128
303307104113175092137556814081163245691,128
272833400225236047472049291896589645527,128
189281739136499670389676571335090890297,128
282850117926294822296382256169685443279,128
293840018484768984894928740008516004287,128
337271987696160736930873514101683467909,128
241624456633128752671843523545049219153,128
298549619395993526921327937499366517251,128
295052229246915914309360886959906862019,128
336323194936139610953592561637201041011,128
194123044829159839484052439720853951161,128
309311508980416756859693610146678937727,128
