Bit_length,N,Lattice_dimension,|b_op - t|^2,|vbest - t|^2,P(b_op),P(vbest),P(|vnew - t|^2 < |b_op - t|^2),P(|vnew - t|^2 <= |b_op - t|^2),P(|vnew - t|^2 > |b_op - t|^2)
8.0,185.0,3.0,131.0,131.0,0.36,0.36,0.0,0.36,0.64
8.0,221.0,3.0,161.0,161.0,0.47,0.47,0.0,0.47,0.53
8.0,221.0,3.0,161.0,161.0,0.781,0.781,0.0,0.781,0.21899999999999997
8.0,253.0,3.0,102.0,102.0,0.616,0.616,0.0,0.616,0.384
8.0,201.0,3.0,306.0,306.0,0.277,0.277,0.0,0.277,0.723
8.0,209.0,3.0,605.0,566.0,0.083,0.12,0.12,0.203,0.7969999999999999
8.0,187.0,3.0,337.0,337.0,0.29,0.29,0.0,0.29,0.71
8.0,187.0,3.0,625.0,625.0,0.531,0.531,0.0,0.531,0.469
8.0,205.0,3.0,98.0,98.0,0.596,0.596,0.0,0.596,0.404
8.0,215.0,3.0,433.0,433.0,0.143,0.143,0.0,0.143,0.857
9.0,473.0,3.0,445.0,445.0,0.764,0.764,0.0,0.764,0.236
9.0,473.0,3.0,445.0,445.0,0.763,0.763,0.0,0.763,0.237
9.0,437.0,3.0,278.0,278.0,0.346,0.346,0.0,0.346,0.654
9.0,355.0,3.0,213.0,213.0,0.902,0.902,0.0,0.902,0.09799999999999998
9.0,407.0,3.0,198.0,198.0,0.315,0.315,0.0,0.315,0.685
9.0,355.0,3.0,213.0,213.0,0.878,0.878,0.0,0.878,0.122
9.0,415.0,3.0,181.0,181.0,0.309,0.309,0.0,0.309,0.6910000000000001
9.0,415.0,3.0,181.0,181.0,0.323,0.323,0.0,0.323,0.677
9.0,473.0,3.0,305.0,305.0,0.205,0.205,0.0,0.205,0.795
9.0,481.0,3.0,534.0,534.0,0.602,0.602,0.0,0.602,0.398
10.0,1003.0,3.0,367.0,367.0,0.424,0.424,0.0,0.424,0.5760000000000001
10.0,869.0,3.0,293.0,293.0,0.297,0.297,0.0,0.297,0.7030000000000001
10.0,905.0,3.0,197.0,197.0,0.527,0.527,0.0,0.527,0.473
10.0,917.0,3.0,342.0,342.0,0.773,0.773,0.0,0.773,0.22699999999999998
10.0,655.0,3.0,212.0,212.0,0.705,0.705,0.0,0.705,0.29500000000000004
10.0,893.0,3.0,281.0,281.0,0.542,0.542,0.0,0.542,0.45799999999999996
10.0,959.0,3.0,90.0,90.0,0.767,0.767,0.0,0.767,0.23299999999999998
10.0,831.0,3.0,366.0,366.0,0.759,0.759,0.0,0.759,0.241
10.0,755.0,3.0,414.0,414.0,0.225,0.225,0.0,0.225,0.775
10.0,781.0,3.0,45.0,45.0,0.498,0.498,0.0,0.498,0.502
11.0,1713.0,3.0,185.0,185.0,0.826,0.826,0.0,0.826,0.17400000000000004
11.0,1843.0,3.0,126.0,126.0,0.515,0.515,0.0,0.515,0.485
11.0,1865.0,3.0,104.0,104.0,0.567,0.567,0.0,0.567,0.43300000000000005
11.0,1967.0,3.0,122.0,122.0,0.577,0.577,0.0,0.577,0.42300000000000004
11.0,1633.0,3.0,285.0,285.0,0.156,0.156,0.0,0.156,0.844
11.0,1703.0,3.0,405.0,394.0,0.138,0.292,0.292,0.43,0.5700000000000001
11.0,1821.0,3.0,105.0,105.0,0.64,0.64,0.0,0.64,0.36
11.0,1927.0,3.0,178.0,178.0,0.857,0.857,0.0,0.857,0.14300000000000002
11.0,1507.0,3.0,162.0,162.0,0.581,0.581,0.0,0.581,0.41900000000000004
11.0,1441.0,3.0,142.0,142.0,0.77,0.77,0.0,0.77,0.22999999999999998
12.0,3901.0,3.0,184.0,184.0,0.658,0.658,0.0,0.658,0.34199999999999997
12.0,3397.0,3.0,320.0,320.0,0.373,0.373,0.0,0.373,0.627
12.0,2855.0,3.0,357.0,357.0,0.112,0.112,0.0,0.112,0.888
12.0,2831.0,3.0,344.0,344.0,0.254,0.254,0.0,0.254,0.746
12.0,2893.0,3.0,85.0,85.0,0.744,0.744,0.0,0.744,0.256
12.0,2605.0,3.0,66.0,66.0,0.637,0.637,0.0,0.637,0.363
12.0,3047.0,3.0,370.0,370.0,0.667,0.667,0.0,0.667,0.33299999999999996
12.0,3707.0,3.0,285.0,285.0,0.609,0.609,0.0,0.609,0.391
12.0,2981.0,3.0,457.0,457.0,0.257,0.257,0.0,0.257,0.743
12.0,3149.0,3.0,101.0,101.0,0.326,0.326,0.0,0.326,0.6739999999999999
13.0,6463.0,3.0,396.0,396.0,0.05,0.05,0.0,0.05,0.95
13.0,7729.0,3.0,501.0,501.0,0.161,0.161,0.0,0.161,0.839
13.0,7217.0,3.0,336.0,336.0,0.793,0.793,0.0,0.793,0.20699999999999996
13.0,7241.0,3.0,221.0,221.0,0.49,0.49,0.0,0.49,0.51
13.0,6281.0,3.0,262.0,262.0,0.381,0.381,0.0,0.381,0.619
13.0,5755.0,3.0,91.0,91.0,0.693,0.693,0.0,0.693,0.30700000000000005
13.0,5165.0,3.0,582.0,582.0,0.454,0.454,0.0,0.454,0.546
13.0,5699.0,3.0,205.0,205.0,0.786,0.786,0.0,0.786,0.21399999999999997
13.0,7355.0,3.0,441.0,441.0,0.454,0.454,0.0,0.454,0.546
13.0,4883.0,3.0,114.0,114.0,0.453,0.453,0.0,0.453,0.5469999999999999
14.0,13403.0,4.0,99.0,99.0,0.36,0.36,0.0,0.36,0.64
14.0,15577.0,4.0,234.0,234.0,0.188,0.188,0.0,0.188,0.812
14.0,13439.0,4.0,67.0,67.0,0.235,0.235,0.0,0.235,0.765
14.0,15163.0,4.0,253.0,253.0,0.176,0.176,0.0,0.176,0.8240000000000001
14.0,13849.0,4.0,247.0,247.0,0.165,0.165,0.0,0.165,0.835
14.0,14257.0,4.0,301.0,241.0,0.372,0.067,0.10200000000000001,0.474,0.526
14.0,15409.0,4.0,203.0,203.0,0.397,0.397,0.0,0.397,0.603
14.0,13271.0,4.0,159.0,159.0,0.122,0.122,0.0,0.122,0.878
14.0,12361.0,4.0,118.0,118.0,0.19,0.19,0.0,0.19,0.81
14.0,13057.0,4.0,137.0,137.0,0.278,0.278,0.0,0.278,0.722
15.0,23713.0,4.0,137.0,137.0,0.255,0.255,0.0,0.255,0.745
15.0,30361.0,4.0,70.0,70.0,0.147,0.147,0.0,0.147,0.853
15.0,30901.0,4.0,175.0,175.0,0.438,0.438,0.0,0.438,0.562
15.0,30749.0,4.0,106.0,106.0,0.109,0.109,0.0,0.109,0.891
15.0,23389.0,4.0,370.0,370.0,0.09,0.09,0.0,0.09,0.91
15.0,24991.0,4.0,109.0,109.0,0.508,0.508,0.0,0.508,0.492
15.0,30365.0,4.0,140.0,140.0,0.211,0.211,0.0,0.211,0.789
15.0,32659.0,4.0,61.0,61.0,0.322,0.322,0.0,0.322,0.6779999999999999
15.0,24887.0,4.0,131.0,124.0,0.108,0.13,0.13,0.238,0.762
15.0,27859.0,4.0,202.0,202.0,0.189,0.189,0.0,0.189,0.8109999999999999
16.0,41857.0,4.0,94.0,94.0,0.261,0.261,0.0,0.261,0.739
16.0,64259.0,4.0,109.0,109.0,0.21,0.21,0.0,0.21,0.79
16.0,58159.0,4.0,158.0,158.0,0.331,0.331,0.0,0.331,0.669
16.0,55613.0,4.0,153.0,153.0,0.214,0.214,0.0,0.214,0.786
16.0,60349.0,4.0,210.0,210.0,0.277,0.277,0.0,0.277,0.723
16.0,63461.0,4.0,100.0,100.0,0.424,0.424,0.0,0.424,0.5760000000000001
16.0,57857.0,4.0,81.0,81.0,0.151,0.151,0.0,0.151,0.849
16.0,43489.0,4.0,294.0,294.0,0.316,0.316,0.0,0.316,0.6839999999999999
16.0,39257.0,4.0,173.0,173.0,0.158,0.158,0.0,0.158,0.842
16.0,62261.0,4.0,145.0,145.0,0.142,0.142,0.0,0.142,0.858
17.0,115519.0,4.0,269.0,267.0,0.322,0.01,0.01,0.332,0.6679999999999999
17.0,128839.0,4.0,271.0,271.0,0.312,0.312,0.0,0.312,0.688
17.0,125323.0,4.0,249.0,249.0,0.322,0.322,0.0,0.322,0.6779999999999999
17.0,97957.0,4.0,57.0,57.0,0.442,0.442,0.0,0.442,0.558
17.0,82807.0,4.0,269.0,237.0,0.433,0.06,0.06,0.493,0.507
17.0,128963.0,4.0,130.0,130.0,0.244,0.244,0.0,0.244,0.756
17.0,109009.0,4.0,140.0,140.0,0.167,0.167,0.0,0.167,0.833
17.0,110053.0,4.0,194.0,194.0,0.538,0.538,0.0,0.538,0.46199999999999997
17.0,128641.0,4.0,82.0,82.0,0.351,0.351,0.0,0.351,0.649
17.0,107297.0,4.0,173.0,173.0,0.335,0.335,0.0,0.335,0.665
18.0,178331.0,4.0,195.0,195.0,0.296,0.296,0.0,0.296,0.704
18.0,186497.0,4.0,174.0,174.0,0.299,0.299,0.0,0.299,0.7010000000000001
18.0,258547.0,4.0,205.0,205.0,0.193,0.193,0.0,0.193,0.8069999999999999
18.0,246823.0,4.0,90.0,90.0,0.346,0.346,0.0,0.346,0.654
18.0,174373.0,4.0,134.0,134.0,0.248,0.248,0.0,0.248,0.752
18.0,166211.0,4.0,266.0,226.0,0.206,0.125,0.478,0.6839999999999999,0.31600000000000006
18.0,242587.0,4.0,293.0,293.0,0.287,0.287,0.0,0.287,0.7130000000000001
18.0,166241.0,4.0,185.0,185.0,0.589,0.589,0.0,0.589,0.41100000000000003
18.0,159517.0,4.0,82.0,82.0,0.537,0.537,0.0,0.537,0.46299999999999997
18.0,214957.0,4.0,195.0,195.0,0.259,0.259,0.0,0.259,0.741
19.0,515303.0,4.0,183.0,183.0,0.401,0.401,0.0,0.401,0.599
19.0,440861.0,4.0,65.0,65.0,0.278,0.278,0.0,0.278,0.722
19.0,483919.0,4.0,133.0,133.0,0.134,0.134,0.0,0.134,0.866
19.0,406639.0,4.0,154.0,151.0,0.151,0.153,0.153,0.304,0.696
19.0,297763.0,4.0,129.0,129.0,0.152,0.152,0.0,0.152,0.848
19.0,441809.0,4.0,241.0,241.0,0.257,0.257,0.0,0.257,0.743
19.0,391271.0,4.0,215.0,215.0,0.253,0.253,0.0,0.253,0.747
19.0,382817.0,4.0,85.0,85.0,0.267,0.267,0.0,0.267,0.733
19.0,421543.0,4.0,97.0,97.0,0.304,0.304,0.0,0.304,0.696
19.0,444679.0,4.0,104.0,104.0,0.291,0.291,0.0,0.291,0.7090000000000001
20.0,927053.0,5.0,167.0,125.0,0.124,0.069,0.069,0.193,0.8069999999999999
20.0,998923.0,5.0,126.0,126.0,0.063,0.063,0.0,0.063,0.937
20.0,951931.0,5.0,142.0,134.0,0.043,0.078,0.078,0.121,0.879
20.0,884911.0,5.0,89.0,89.0,0.142,0.142,0.0,0.142,0.858
20.0,687059.0,5.0,75.0,75.0,0.469,0.469,0.0,0.469,0.531
20.0,926267.0,5.0,110.0,89.0,0.358,0.026,0.026,0.384,0.616
20.0,827257.0,5.0,86.0,86.0,0.119,0.119,0.0,0.119,0.881
20.0,755323.0,5.0,103.0,103.0,0.403,0.403,0.0,0.403,0.597
20.0,1006001.0,5.0,63.0,63.0,0.225,0.225,0.0,0.225,0.775
20.0,770689.0,5.0,131.0,131.0,0.132,0.132,0.0,0.132,0.868
21.0,1763599.0,5.0,61.0,61.0,0.532,0.532,0.0,0.532,0.46799999999999997
21.0,1350241.0,5.0,90.0,90.0,0.242,0.242,0.0,0.242,0.758
21.0,1712699.0,5.0,87.0,87.0,0.175,0.175,0.0,0.175,0.825
21.0,1721303.0,5.0,53.0,53.0,0.304,0.304,0.0,0.304,0.696
21.0,1658563.0,5.0,107.0,107.0,0.099,0.099,0.0,0.099,0.901
21.0,1374799.0,5.0,118.0,118.0,0.136,0.136,0.0,0.136,0.864
21.0,1991629.0,5.0,110.0,110.0,0.043,0.043,0.0,0.043,0.957
21.0,1726559.0,5.0,102.0,102.0,0.018,0.018,0.0,0.018,0.982
21.0,1599641.0,5.0,102.0,102.0,0.316,0.316,0.0,0.316,0.6839999999999999
21.0,1518371.0,5.0,46.0,46.0,0.25,0.25,0.0,0.25,0.75
22.0,3354487.0,5.0,71.0,71.0,0.149,0.149,0.0,0.149,0.851
22.0,2596801.0,5.0,91.0,91.0,0.266,0.266,0.0,0.266,0.734
22.0,2883407.0,5.0,126.0,126.0,0.219,0.219,0.0,0.219,0.781
22.0,3395731.0,5.0,59.0,59.0,0.214,0.214,0.0,0.214,0.786
22.0,3925963.0,5.0,130.0,130.0,0.579,0.579,0.0,0.579,0.42100000000000004
22.0,2731451.0,5.0,110.0,110.0,0.6759999999999999,0.6759999999999999,0.0,0.6759999999999999,0.32400000000000007
22.0,3106907.0,5.0,56.0,56.0,0.274,0.274,0.0,0.274,0.726
22.0,3176123.0,5.0,50.0,50.0,0.209,0.209,0.0,0.209,0.791
22.0,2667671.0,5.0,73.0,73.0,0.18,0.18,0.0,0.18,0.8200000000000001
22.0,3234899.0,5.0,99.0,99.0,0.162,0.162,0.0,0.162,0.838
23.0,6893287.0,5.0,131.0,131.0,0.111,0.111,0.0,0.111,0.889
23.0,8126809.0,5.0,83.0,83.0,0.57,0.57,0.0,0.57,0.43000000000000005
23.0,5643343.0,5.0,108.0,108.0,0.192,0.192,0.0,0.192,0.808
23.0,5284519.0,5.0,84.0,84.0,0.343,0.343,0.0,0.343,0.657
23.0,7125233.0,5.0,147.0,125.0,0.081,0.082,0.082,0.163,0.837
23.0,5626331.0,5.0,115.0,102.0,0.074,0.16,0.16,0.23399999999999999,0.766
23.0,5572213.0,5.0,118.0,118.0,0.339,0.339,0.0,0.339,0.661
23.0,6245461.0,5.0,97.0,97.0,0.009,0.009,0.0,0.009,0.991
23.0,7436563.0,5.0,86.0,86.0,0.206,0.206,0.0,0.206,0.794
23.0,6807041.0,5.0,90.0,90.0,0.252,0.252,0.0,0.252,0.748
24.0,16027087.0,5.0,146.0,138.0,0.143,0.028,0.028,0.17099999999999999,0.829
24.0,15007451.0,5.0,66.0,66.0,0.323,0.323,0.0,0.323,0.677
24.0,11831819.0,5.0,119.0,115.0,0.136,0.213,0.213,0.349,0.651
24.0,16669699.0,5.0,89.0,89.0,0.112,0.112,0.0,0.112,0.888
24.0,16136767.0,5.0,67.0,67.0,0.402,0.402,0.0,0.402,0.598
24.0,14644901.0,5.0,142.0,142.0,0.087,0.087,0.0,0.087,0.913
24.0,15705763.0,5.0,173.0,157.0,0.121,0.013,0.134,0.255,0.745
24.0,13505249.0,5.0,52.0,52.0,0.196,0.196,0.0,0.196,0.804
24.0,16682489.0,5.0,129.0,129.0,0.296,0.296,0.0,0.296,0.704
24.0,10954661.0,5.0,95.0,95.0,0.084,0.084,0.0,0.084,0.916
25.0,18574579.0,5.0,138.0,133.0,0.233,0.082,0.082,0.315,0.685
25.0,30109217.0,5.0,162.0,141.0,0.096,0.061,0.061,0.157,0.843
25.0,31245563.0,5.0,87.0,87.0,0.169,0.169,0.0,0.169,0.831
25.0,27474071.0,5.0,123.0,123.0,0.487,0.487,0.0,0.487,0.513
25.0,32686361.0,5.0,125.0,125.0,0.163,0.163,0.0,0.163,0.837
25.0,29773291.0,5.0,128.0,127.0,0.219,0.1,0.1,0.319,0.681
25.0,28140617.0,5.0,107.0,107.0,0.519,0.519,0.0,0.519,0.481
25.0,32889691.0,5.0,115.0,115.0,0.29,0.29,0.0,0.29,0.71
25.0,29108797.0,5.0,70.0,70.0,0.196,0.196,0.0,0.196,0.804
25.0,21470573.0,5.0,82.0,82.0,0.219,0.219,0.0,0.219,0.781
26.0,53723177.0,5.0,141.0,141.0,0.067,0.067,0.0,0.067,0.933
26.0,60769547.0,6.0,63.0,63.0,0.135,0.135,0.0,0.135,0.865
26.0,38466781.0,5.0,159.0,123.0,0.459,0.027,0.027,0.48600000000000004,0.514
26.0,51998357.0,5.0,76.0,76.0,0.243,0.243,0.0,0.243,0.757
26.0,66504931.0,6.0,114.0,109.0,0.025,0.009,0.009,0.034,0.966
26.0,52034641.0,5.0,193.0,162.0,0.004,0.039,0.15000000000000002,0.15400000000000003,0.846
26.0,58618589.0,6.0,72.0,72.0,0.236,0.236,0.0,0.236,0.764
26.0,52403459.0,5.0,70.0,70.0,0.335,0.335,0.0,0.335,0.665
26.0,44054399.0,5.0,174.0,174.0,0.243,0.243,0.0,0.243,0.757
26.0,57798833.0,5.0,169.0,162.0,0.067,0.12,0.12,0.187,0.813
27.0,121683083.0,6.0,126.0,113.0,0.108,0.055,0.055,0.163,0.837
27.0,78326723.0,6.0,65.0,65.0,0.195,0.195,0.0,0.195,0.8049999999999999
27.0,84851609.0,6.0,78.0,78.0,0.1,0.1,0.0,0.1,0.9
27.0,117150287.0,6.0,105.0,90.0,0.125,0.092,0.092,0.217,0.783
27.0,105527371.0,6.0,83.0,83.0,0.091,0.091,0.0,0.091,0.909
27.0,69366989.0,6.0,89.0,89.0,0.176,0.176,0.0,0.176,0.8240000000000001
27.0,119494523.0,6.0,114.0,114.0,0.02,0.02,0.0,0.02,0.98
27.0,128428247.0,6.0,91.0,91.0,0.198,0.198,0.0,0.198,0.802
27.0,95836511.0,6.0,86.0,86.0,0.13,0.13,0.0,0.13,0.87
27.0,133483171.0,6.0,98.0,94.0,0.173,0.023,0.023,0.19599999999999998,0.804
28.0,204579301.0,6.0,116.0,89.0,0.19,0.063,0.08499999999999999,0.275,0.725
28.0,155280989.0,6.0,97.0,94.0,0.021,0.052,0.162,0.183,0.817
28.0,174771301.0,6.0,84.0,84.0,0.052,0.052,0.0,0.052,0.948
28.0,168316963.0,6.0,91.0,91.0,0.211,0.211,0.0,0.211,0.789
28.0,149061301.0,6.0,92.0,73.0,0.182,0.128,0.128,0.31,0.69
28.0,268074839.0,6.0,86.0,86.0,0.062,0.062,0.0,0.062,0.938
28.0,198739889.0,6.0,121.0,121.0,0.124,0.124,0.0,0.124,0.876
28.0,175320583.0,6.0,69.0,69.0,0.214,0.214,0.0,0.214,0.786
28.0,207746291.0,6.0,73.0,73.0,0.116,0.116,0.0,0.116,0.884
28.0,231005821.0,6.0,121.0,117.0,0.189,0.06,0.06,0.249,0.751
29.0,393536603.0,6.0,73.0,73.0,0.348,0.348,0.0,0.348,0.652
29.0,437977723.0,6.0,98.0,98.0,0.196,0.196,0.0,0.196,0.804
29.0,368920847.0,6.0,107.0,107.0,0.254,0.254,0.0,0.254,0.746
29.0,331947611.0,6.0,98.0,98.0,0.097,0.097,0.0,0.097,0.903
29.0,371731457.0,6.0,102.0,102.0,0.205,0.205,0.0,0.205,0.795
29.0,476400451.0,6.0,59.0,59.0,0.125,0.125,0.0,0.125,0.875
29.0,454014943.0,6.0,100.0,98.0,0.075,0.04,0.04,0.11499999999999999,0.885
29.0,391186819.0,6.0,131.0,131.0,0.155,0.155,0.0,0.155,0.845
29.0,427425433.0,6.0,82.0,82.0,0.047,0.047,0.0,0.047,0.953
29.0,460136869.0,6.0,80.0,80.0,0.039,0.039,0.0,0.039,0.961
30.0,801590117.0,6.0,89.0,89.0,0.295,0.295,0.0,0.295,0.7050000000000001
30.0,997342039.0,6.0,100.0,100.0,0.252,0.252,0.0,0.252,0.748
30.0,884756057.0,6.0,110.0,110.0,0.096,0.096,0.0,0.096,0.904
30.0,1071860899.0,6.0,118.0,118.0,0.105,0.105,0.0,0.105,0.895
30.0,953692879.0,6.0,102.0,97.0,0.212,0.077,0.077,0.289,0.7110000000000001
30.0,752330191.0,6.0,87.0,87.0,0.275,0.275,0.0,0.275,0.725
30.0,692216617.0,6.0,106.0,106.0,0.055,0.055,0.0,0.055,0.945
30.0,949166063.0,6.0,90.0,90.0,0.153,0.153,0.0,0.153,0.847
30.0,955365317.0,6.0,108.0,107.0,0.052,0.035,0.035,0.087,0.913
30.0,972348829.0,6.0,119.0,116.0,0.062,0.237,0.237,0.299,0.7010000000000001
31.0,1847270389.0,6.0,92.0,92.0,0.26,0.26,0.0,0.26,0.74
31.0,1907666401.0,6.0,85.0,85.0,0.223,0.223,0.0,0.223,0.777
31.0,1959195479.0,6.0,136.0,136.0,0.081,0.081,0.0,0.081,0.919
31.0,1904146667.0,6.0,126.0,126.0,0.123,0.123,0.0,0.123,0.877
31.0,2043054539.0,6.0,118.0,118.0,0.095,0.095,0.0,0.095,0.905
31.0,1245078127.0,6.0,104.0,104.0,0.207,0.207,0.0,0.207,0.793
31.0,1665080741.0,6.0,126.0,113.0,0.063,0.081,0.081,0.14400000000000002,0.856
31.0,1990483667.0,6.0,62.0,62.0,0.253,0.253,0.0,0.253,0.747
31.0,1224912727.0,6.0,108.0,108.0,0.08,0.08,0.0,0.08,0.92
31.0,1937569297.0,6.0,135.0,135.0,0.068,0.068,0.0,0.068,0.9319999999999999
32.0,4180771813.0,6.0,91.0,91.0,0.41,0.41,0.0,0.41,0.5900000000000001
32.0,2988117043.0,6.0,93.0,93.0,0.04,0.04,0.0,0.04,0.96
32.0,4158539629.0,6.0,110.0,110.0,0.241,0.241,0.0,0.241,0.759
32.0,3381969439.0,6.0,119.0,119.0,0.014,0.014,0.0,0.014,0.986
32.0,2656546787.0,6.0,86.0,86.0,0.066,0.066,0.0,0.066,0.9339999999999999
32.0,4267265017.0,6.0,118.0,118.0,0.074,0.074,0.0,0.074,0.926
32.0,4044397151.0,6.0,97.0,97.0,0.116,0.116,0.0,0.116,0.884
32.0,4141908703.0,6.0,88.0,88.0,0.184,0.184,0.0,0.184,0.8160000000000001
32.0,3708986753.0,6.0,86.0,86.0,0.29,0.29,0.0,0.29,0.71
32.0,3895257677.0,6.0,138.0,138.0,0.089,0.089,0.0,0.089,0.911
33.0,4702026253.0,6.0,85.0,85.0,0.303,0.303,0.0,0.303,0.6970000000000001
33.0,5205375767.0,6.0,119.0,115.0,0.014,0.03,0.03,0.044,0.956
33.0,6587040727.0,6.0,70.0,70.0,0.254,0.254,0.0,0.254,0.746
33.0,6320927257.0,6.0,150.0,144.0,0.075,0.187,0.187,0.262,0.738
33.0,8399979491.0,7.0,106.0,106.0,0.032,0.032,0.0,0.032,0.968
33.0,7371694987.0,7.0,86.0,86.0,0.124,0.124,0.0,0.124,0.876
33.0,5555621993.0,6.0,119.0,119.0,0.107,0.107,0.0,0.107,0.893
33.0,6175576151.0,6.0,59.0,59.0,0.282,0.282,0.0,0.282,0.718
33.0,7341415519.0,7.0,96.0,96.0,0.126,0.126,0.0,0.126,0.874
33.0,8313413239.0,7.0,86.0,86.0,0.222,0.222,0.0,0.222,0.778
34.0,17031257729.0,7.0,101.0,101.0,0.074,0.074,0.0,0.074,0.926
34.0,10255872373.0,7.0,124.0,124.0,0.028,0.028,0.0,0.028,0.972
34.0,14688499229.0,7.0,111.0,97.0,0.027,0.045,0.045,0.072,0.928
34.0,16442828603.0,7.0,88.0,88.0,0.01,0.01,0.0,0.01,0.99
34.0,16781232137.0,7.0,94.0,94.0,0.038,0.038,0.0,0.038,0.962
34.0,15860374207.0,7.0,87.0,87.0,0.045,0.045,0.0,0.045,0.955
34.0,11500450081.0,7.0,63.0,63.0,0.046,0.046,0.0,0.046,0.954
34.0,16500383897.0,7.0,78.0,78.0,0.019,0.019,0.0,0.019,0.981
34.0,13045673023.0,7.0,137.0,137.0,0.069,0.069,0.0,0.069,0.931
34.0,15594393299.0,7.0,64.0,64.0,0.317,0.317,0.0,0.317,0.683
35.0,28431356747.0,7.0,98.0,98.0,0.097,0.097,0.0,0.097,0.903
35.0,30216768011.0,7.0,87.0,87.0,0.285,0.285,0.0,0.285,0.7150000000000001
35.0,25392358711.0,7.0,106.0,100.0,0.078,0.038,0.038,0.11599999999999999,0.884
35.0,33027983059.0,7.0,95.0,95.0,0.086,0.086,0.0,0.086,0.914
35.0,33191591471.0,7.0,59.0,59.0,0.206,0.206,0.0,0.206,0.794
35.0,17944012859.0,7.0,63.0,63.0,0.072,0.072,0.0,0.072,0.928
35.0,33049948249.0,7.0,101.0,101.0,0.078,0.078,0.0,0.078,0.922
35.0,33615839123.0,7.0,119.0,112.0,0.099,0.04,0.127,0.226,0.774
35.0,25596841883.0,7.0,113.0,113.0,0.189,0.189,0.0,0.189,0.8109999999999999
35.0,33700840223.0,7.0,102.0,102.0,0.1,0.1,0.0,0.1,0.9
36.0,50054584507.0,7.0,161.0,142.0,0.041,0.017,0.034,0.07500000000000001,0.925
36.0,63105658139.0,7.0,116.0,110.0,0.035,0.099,0.158,0.193,0.8069999999999999
36.0,62373080017.0,7.0,109.0,95.0,0.15,0.045,0.10799999999999998,0.258,0.742
36.0,65614336979.0,7.0,101.0,94.0,0.066,0.045,0.087,0.153,0.847
36.0,67117167287.0,7.0,121.0,110.0,0.009,0.015,0.015,0.024,0.976
36.0,65624393501.0,7.0,86.0,86.0,0.026,0.026,0.0,0.026,0.974
36.0,64618012049.0,7.0,108.0,94.0,0.164,0.035,0.29600000000000004,0.4600000000000001,0.5399999999999999
36.0,62362782271.0,7.0,94.0,94.0,0.06,0.06,0.0,0.06,0.94
36.0,66595234247.0,7.0,109.0,109.0,0.358,0.358,0.0,0.358,0.642
36.0,65526566437.0,7.0,124.0,124.0,0.086,0.086,0.0,0.086,0.914
37.0,80502311347.0,7.0,100.0,100.0,0.109,0.109,0.0,0.109,0.891
37.0,116082758447.0,7.0,153.0,153.0,0.055,0.055,0.0,0.055,0.945
37.0,90958581949.0,7.0,149.0,94.0,0.159,0.032,0.156,0.315,0.685
37.0,135234468179.0,7.0,94.0,94.0,0.062,0.062,0.0,0.062,0.938
37.0,132409207981.0,7.0,103.0,103.0,0.163,0.163,0.0,0.163,0.837
37.0,72903506849.0,7.0,97.0,97.0,0.06,0.06,0.0,0.06,0.94
37.0,83979004583.0,7.0,71.0,71.0,0.073,0.073,0.0,0.073,0.927
37.0,100395675719.0,7.0,110.0,99.0,0.092,0.063,0.063,0.155,0.845
37.0,125563312139.0,7.0,131.0,124.0,0.043,0.043,0.043,0.086,0.914
37.0,94762365769.0,7.0,70.0,70.0,0.118,0.118,0.0,0.118,0.882
38.0,185983105117.0,7.0,108.0,108.0,0.047,0.047,0.0,0.047,0.953
38.0,193489477549.0,7.0,108.0,108.0,0.161,0.161,0.0,0.161,0.839
38.0,265796716267.0,7.0,132.0,122.0,0.221,0.037,0.11099999999999999,0.33199999999999996,0.668
38.0,208378167071.0,7.0,83.0,83.0,0.121,0.121,0.0,0.121,0.879
38.0,274685041441.0,7.0,107.0,107.0,0.041,0.041,0.0,0.041,0.959
38.0,245835431333.0,7.0,151.0,151.0,0.183,0.183,0.0,0.183,0.817
38.0,180385384589.0,7.0,105.0,105.0,0.019,0.019,0.0,0.019,0.981
38.0,257074230187.0,7.0,158.0,158.0,0.44,0.44,0.0,0.44,0.56
38.0,161466377869.0,7.0,87.0,87.0,0.135,0.135,0.0,0.135,0.865
38.0,222954570347.0,7.0,99.0,99.0,0.313,0.313,0.0,0.313,0.687
39.0,410137026289.0,7.0,134.0,134.0,0.064,0.064,0.0,0.064,0.9359999999999999
39.0,373817802377.0,7.0,119.0,119.0,0.039,0.039,0.0,0.039,0.961
39.0,386783978921.0,7.0,138.0,138.0,0.083,0.083,0.0,0.083,0.917
39.0,428513774933.0,7.0,106.0,103.0,0.046,0.113,0.113,0.159,0.841
39.0,430745631671.0,7.0,92.0,92.0,0.33,0.33,0.0,0.33,0.6699999999999999
39.0,455521962251.0,7.0,118.0,118.0,0.05,0.05,0.0,0.05,0.95
39.0,427229673019.0,7.0,120.0,120.0,0.225,0.225,0.0,0.225,0.775
39.0,544624742771.0,7.0,74.0,74.0,0.033,0.033,0.0,0.033,0.967
39.0,356087545019.0,7.0,154.0,154.0,0.235,0.235,0.0,0.235,0.765
39.0,330811227679.0,7.0,139.0,139.0,0.174,0.174,0.0,0.174,0.8260000000000001
40.0,1068275611727.0,8.0,117.0,117.0,0.117,0.117,0.0,0.117,0.883
40.0,887472884699.0,7.0,123.0,123.0,0.068,0.068,0.0,0.068,0.9319999999999999
40.0,1078547936309.0,8.0,123.0,123.0,0.0333,0.0333,0.0,0.0333,0.9667
40.0,1020939758159.0,8.0,78.0,78.0,0.0337,0.0337,0.0,0.0337,0.9663
40.0,1049597364239.0,8.0,122.0,122.0,0.1404,0.1404,0.0,0.1404,0.8596
40.0,1027317940807.0,8.0,106.0,106.0,0.0145,0.0145,0.0,0.0145,0.9855
40.0,1069468899061.0,8.0,82.0,82.0,0.314,0.314,0.0,0.314,0.6859999999999999
40.0,813027065639.0,7.0,106.0,106.0,0.183,0.183,0.0,0.183,0.817
40.0,657378731083.0,7.0,123.0,122.0,0.189,0.049,0.049,0.238,0.762
40.0,878158012499.0,7.0,160.0,160.0,0.1,0.1,0.0,0.1,0.9
41.0,1479060593909.0,8.0,108.0,88.0,0.1094,0.0303,0.0687,0.17809999999999998,0.8219000000000001
41.0,2108368446011.0,8.0,81.0,81.0,0.0203,0.0203,0.0,0.0203,0.9797
41.0,2178343466599.0,8.0,91.0,91.0,0.1422,0.1422,0.0,0.1422,0.8578
41.0,1528450928549.0,8.0,161.0,161.0,0.0215,0.0215,0.0,0.0215,0.9785
41.0,1967698108351.0,8.0,118.0,102.0,0.143,0.0925,0.0925,0.2355,0.7645
41.0,1401762612689.0,8.0,111.0,111.0,0.1657,0.1657,0.0,0.1657,0.8343
41.0,1599251405519.0,8.0,114.0,104.0,0.0409,0.0401,0.0401,0.08099999999999999,0.919
41.0,2116086921719.0,8.0,151.0,151.0,0.0405,0.0405,0.0,0.0405,0.9595
41.0,1488714417529.0,8.0,94.0,94.0,0.2889,0.2889,0.0,0.2889,0.7111000000000001
41.0,1994186601437.0,8.0,173.0,118.0,0.0018,0.0336,0.23580000000000004,0.23760000000000003,0.7624
42.0,4202041437667.0,8.0,85.0,85.0,0.0497,0.0497,0.0,0.0497,0.9503
42.0,2350170674713.0,8.0,101.0,101.0,0.061,0.061,0.0,0.061,0.9390000000000001
42.0,3375102467147.0,8.0,111.0,102.0,0.0404,0.0709,0.0709,0.11130000000000001,0.8887
42.0,3964072167269.0,8.0,95.0,95.0,0.2217,0.2217,0.0,0.2217,0.7783
42.0,3725658994507.0,8.0,112.0,109.0,0.0189,0.0507,0.0507,0.0696,0.9304
42.0,4155518774809.0,8.0,99.0,99.0,0.0664,0.0664,0.0,0.0664,0.9336
42.0,4173774636131.0,8.0,101.0,101.0,0.0375,0.0375,0.0,0.0375,0.9625
42.0,3752813902571.0,8.0,120.0,110.0,0.0328,0.0485,0.1096,0.1424,0.8576
42.0,4192803755887.0,8.0,130.0,129.0,0.0231,0.0069,0.0069,0.03,0.97
42.0,2901734180089.0,8.0,145.0,145.0,0.0184,0.0184,0.0,0.0184,0.9816
43.0,5402711375771.0,8.0,111.0,102.0,0.0163,0.0224,0.0893,0.1056,0.8944
43.0,6510569300047.0,8.0,104.0,104.0,0.038,0.038,0.0,0.038,0.962
43.0,5283586305103.0,8.0,89.0,89.0,0.1944,0.1944,0.0,0.1944,0.8056
43.0,5015839219673.0,8.0,90.0,90.0,0.0685,0.0685,0.0,0.0685,0.9315
43.0,6611877239299.0,8.0,108.0,108.0,0.0273,0.0273,0.0,0.0273,0.9727
43.0,6436672192967.0,8.0,76.0,76.0,0.0641,0.0641,0.0,0.0641,0.9359
43.0,7377778590167.0,8.0,134.0,127.0,0.0008,0.0048,0.0048,0.0056,0.9944
43.0,7292624866957.0,8.0,121.0,117.0,0.0223,0.0101,0.0101,0.0324,0.9676
43.0,6408199579963.0,8.0,101.0,91.0,0.0968,0.0337,0.0337,0.1305,0.8694999999999999
43.0,6385794248363.0,8.0,82.0,82.0,0.06,0.06,0.0,0.06,0.94
44.0,15321927135269.0,8.0,101.0,101.0,0.1155,0.1155,0.0,0.1155,0.8845
44.0,9371700584447.0,8.0,130.0,117.0,0.0611,0.026,0.38120000000000004,0.4423,0.5577
44.0,11547443236559.0,8.0,87.0,87.0,0.2393,0.2393,0.0,0.2393,0.7606999999999999
44.0,11072991475787.0,8.0,118.0,118.0,0.0122,0.0122,0.0,0.0122,0.9878
44.0,15278463138373.0,8.0,101.0,101.0,0.333,0.333,0.0,0.333,0.667
44.0,12261208995857.0,8.0,124.0,124.0,0.0027,0.0027,0.0,0.0027,0.9973
44.0,12915209714717.0,8.0,123.0,123.0,0.0575,0.0575,0.0,0.0575,0.9425
44.0,13984946934703.0,8.0,180.0,180.0,0.0209,0.0209,0.0,0.0209,0.9791
44.0,15143393305021.0,8.0,116.0,116.0,0.0279,0.0279,0.0,0.0279,0.9721
44.0,11683651894237.0,8.0,93.0,93.0,0.0123,0.0123,0.0,0.0123,0.9877
45.0,33084339390119.0,8.0,94.0,94.0,0.044,0.044,0.0,0.044,0.956
45.0,25535594900063.0,8.0,123.0,123.0,0.0083,0.0083,0.0,0.0083,0.9917
45.0,28377565286401.0,8.0,100.0,100.0,0.0306,0.0306,0.0,0.0306,0.9694
45.0,20045551272827.0,8.0,94.0,94.0,0.0152,0.0152,0.0,0.0152,0.9848
45.0,28256159620411.0,8.0,159.0,159.0,0.0921,0.0921,0.0,0.0921,0.9079
45.0,24788848920991.0,8.0,101.0,101.0,0.0962,0.0962,0.0,0.0962,0.9038
45.0,29569990332917.0,8.0,127.0,115.0,0.0353,0.0103,0.0194,0.0547,0.9453
45.0,33664055787863.0,8.0,98.0,98.0,0.0442,0.0442,0.0,0.0442,0.9558
45.0,28256842221341.0,8.0,107.0,107.0,0.0249,0.0249,0.0,0.0249,0.9751
45.0,24232822211363.0,8.0,119.0,119.0,0.0479,0.0479,0.0,0.0479,0.9521
46.0,68895464802887.0,8.0,99.0,99.0,0.2026,0.2026,0.0,0.2026,0.7974
46.0,67962611842777.0,8.0,154.0,152.0,0.020900000000000002,0.0188,0.0188,0.0397,0.9603
46.0,60931170521737.0,8.0,155.0,122.0,0.0316,0.013,0.10719999999999999,0.13879999999999998,0.8612
46.0,40297678195009.0,8.0,94.0,94.0,0.0986,0.0986,0.0,0.0986,0.9014
46.0,62068491443389.0,8.0,124.0,124.0,0.0482,0.0482,0.0,0.0482,0.9518
46.0,37223859339143.0,8.0,132.0,132.0,0.0391,0.0391,0.0,0.0391,0.9609
46.0,63365291376347.0,8.0,107.0,107.0,0.1324,0.1324,0.0,0.1324,0.8676
46.0,66370506443869.0,8.0,138.0,138.0,0.0754,0.0754,0.0,0.0754,0.9246
46.0,56056153610927.0,8.0,146.0,146.0,0.0552,0.0552,0.0,0.0552,0.9448
46.0,63105207376039.0,8.0,156.0,140.0,0.0279,0.0685,0.08940000000000001,0.11730000000000002,0.8827
47.0,123085526013227.0,8.0,110.0,110.0,0.024,0.024,0.0,0.024,0.976
47.0,134940077845747.0,8.0,150.0,138.0,0.057999999999999996,0.0502,0.0582,0.1162,0.8838
47.0,123599758276297.0,8.0,175.0,168.0,0.2236,0.0304,0.0304,0.254,0.746
47.0,122843848865929.0,8.0,136.0,136.0,0.0231,0.0231,0.0,0.0231,0.9769
47.0,139774245949309.0,8.0,122.0,122.0,0.0202,0.0202,0.0,0.0202,0.9798
47.0,122057421213671.0,8.0,143.0,143.0,0.0858,0.0858,0.0,0.0858,0.9142
47.0,105336677857381.0,8.0,99.0,99.0,0.1215,0.1215,0.0,0.1215,0.8785000000000001
47.0,134625435935671.0,8.0,157.0,157.0,0.019,0.019,0.0,0.019,0.981
47.0,127728954327181.0,8.0,124.0,111.0,0.0357,0.0981,0.0981,0.1338,0.8662
47.0,96123929369813.0,8.0,147.0,141.0,0.0076,0.0141,0.1126,0.1202,0.8798
48.0,268760390560771.0,9.0,186.0,185.0,0.0245,0.0122,0.0122,0.0367,0.9633
48.0,251482817862737.0,9.0,119.0,118.0,0.0353,0.0456,0.0456,0.0809,0.9191
48.0,185596875588101.0,9.0,131.0,131.0,0.0147,0.0147,0.0,0.0147,0.9853
48.0,211310840887789.0,9.0,85.0,85.0,0.0555,0.0555,0.0,0.0555,0.9445
48.0,220547968178023.0,9.0,117.0,115.0,0.2146,0.0187,0.048,0.2626,0.7374
48.0,182721614358161.0,9.0,144.0,144.0,0.0099,0.0099,0.0,0.0099,0.9901
48.0,258730782927619.0,9.0,139.0,134.0,0.0,0.001,0.0037,0.0037,0.9963
48.0,219999728228513.0,9.0,113.0,113.0,0.0011,0.0011,0.0,0.0011,0.9989
48.0,181163181586217.0,9.0,103.0,103.0,0.0181,0.0181,0.0,0.0181,0.9819
48.0,188937133226467.0,9.0,125.0,122.0,0.0171,0.0201,0.0201,0.0372,0.9628
49.0,439754257170113.0,9.0,148.0,145.0,0.068,0.0074,0.0074,0.07540000000000001,0.9246
49.0,468875710626101.0,9.0,134.0,134.0,0.0028,0.0028,0.0,0.0028,0.9972
49.0,526900299059851.0,9.0,127.0,125.0,0.0266,0.0037,0.0037,0.0303,0.9697
49.0,429239627342891.0,9.0,127.0,127.0,0.0038,0.0038,0.0,0.0038,0.9962
49.0,502913790937631.0,9.0,98.0,98.0,0.0058,0.0058,0.0,0.0058,0.9942
49.0,502311007208539.0,9.0,192.0,183.0,0.0444,0.0194,0.0346,0.079,0.921
49.0,466263490235119.0,9.0,104.0,103.0,0.0238,0.0108,0.0108,0.034600000000000006,0.9654
49.0,400103405789953.0,9.0,122.0,120.0,0.0117,0.0247,0.0247,0.0364,0.9636
49.0,442085781655871.0,9.0,131.0,131.0,0.0752,0.0752,0.0,0.0752,0.9248
49.0,385581701286281.0,9.0,110.0,110.0,0.0699,0.0699,0.0,0.0699,0.9301
50.0,808008936373949.0,9.0,114.0,114.0,0.0579,0.0579,0.0,0.0579,0.9421
50.0,800632223364781.0,9.0,153.0,153.0,0.0099,0.0099,0.0,0.0099,0.9901
50.0,1117418858163781.0,9.0,137.0,133.0,0.0642,0.0173,0.0173,0.08149999999999999,0.9185
50.0,766760873519647.0,9.0,123.0,123.0,0.0743,0.0743,0.0,0.0743,0.9257
50.0,1109808531662837.0,9.0,99.0,99.0,0.1362,0.1362,0.0,0.1362,0.8638
50.0,800785708045849.0,9.0,100.0,100.0,0.0175,0.0175,0.0,0.0175,0.9825
50.0,945351244936297.0,9.0,130.0,124.0,0.0338,0.0033,0.0033,0.037099999999999994,0.9629
50.0,1106875173741871.0,9.0,172.0,172.0,0.0115,0.0115,0.0,0.0115,0.9885
50.0,822428363591501.0,9.0,122.0,118.0,0.0112,0.0048,0.0048,0.016,0.984
50.0,954221366702567.0,9.0,156.0,153.0,0.0094,0.0262,0.0262,0.0356,0.9644
51.0,1619923635459473.0,9.0,116.0,116.0,0.0069,0.0069,0.0,0.0069,0.9931
51.0,2186137245657577.0,9.0,110.0,110.0,0.1348,0.1348,0.0,0.1348,0.8652
51.0,1980556843227331.0,9.0,134.0,134.0,0.0202,0.0202,0.0,0.0202,0.9798
51.0,1995494134610419.0,9.0,181.0,181.0,0.1384,0.1384,0.0,0.1384,0.8616
51.0,2042607989839817.0,9.0,122.0,122.0,0.0152,0.0152,0.0,0.0152,0.9848
51.0,1672856930613607.0,9.0,150.0,147.0,0.0129,0.0116,0.0116,0.0245,0.9755
51.0,2079253028901133.0,9.0,136.0,136.0,0.0041,0.0041,0.0,0.0041,0.9959
51.0,1249757980948591.0,9.0,102.0,102.0,0.0609,0.0609,0.0,0.0609,0.9391
51.0,2242145063719811.0,9.0,122.0,119.0,0.0314,0.0141,0.0141,0.0455,0.9545
51.0,2126276377215143.0,9.0,197.0,191.0,0.0056,0.0043,0.0057,0.011300000000000001,0.9887
52.0,4214879023966081.0,9.0,112.0,112.0,0.1219,0.1219,0.0,0.1219,0.8781
52.0,2315748517792553.0,9.0,98.0,98.0,0.0263,0.0263,0.0,0.0263,0.9737
52.0,4424561817721853.0,9.0,175.0,175.0,0.028,0.028,0.0,0.028,0.972
52.0,4222138978677749.0,9.0,152.0,151.0,0.0124,0.0167,0.0167,0.0291,0.9709
52.0,3741910416577967.0,9.0,147.0,147.0,0.0405,0.0405,0.0,0.0405,0.9595
52.0,4325026663989743.0,9.0,155.0,150.0,0.0465,0.0089,0.0385,0.08499999999999999,0.915
52.0,4088873868462919.0,9.0,151.0,139.0,0.0322,0.0084,0.0652,0.09739999999999999,0.9026000000000001
52.0,4479843721966937.0,9.0,116.0,115.0,0.0456,0.0134,0.0134,0.059000000000000004,0.941
52.0,3162315326246239.0,9.0,123.0,119.0,0.0117,0.028,0.028,0.0397,0.9603
52.0,3668829519386359.0,9.0,119.0,117.0,0.1944,0.0444,0.0444,0.23879999999999998,0.7612
53.0,8411984193291061.0,9.0,126.0,121.0,0.0132,0.0116,0.0116,0.0248,0.9752
53.0,8872390837557341.0,9.0,157.0,144.0,0.0083,0.0004,0.0128,0.0211,0.9789
53.0,7395264443377859.0,9.0,94.0,94.0,0.0593,0.0593,0.0,0.0593,0.9407
53.0,8184610571929963.0,9.0,116.0,114.0,0.0806,0.1369,0.1369,0.2175,0.7825
53.0,8814417693466829.0,9.0,146.0,146.0,0.1745,0.1745,0.0,0.1745,0.8255
53.0,8977812089830357.0,9.0,146.0,146.0,0.0194,0.0194,0.0,0.0194,0.9806
53.0,8981589526431077.0,9.0,115.0,115.0,0.0423,0.0423,0.0,0.0423,0.9577
53.0,5972963317126123.0,9.0,147.0,147.0,0.0508,0.0508,0.0,0.0508,0.9492
53.0,6487207443623197.0,9.0,138.0,118.0,0.1581,0.0378,0.0378,0.1959,0.8041
53.0,8455470198668041.0,9.0,123.0,122.0,0.0249,0.0133,0.0133,0.0382,0.9618
54.0,1.7331755939937228e+16,9.0,167.0,149.0,0.0154,0.0348,0.11439999999999999,0.1298,0.8702
54.0,1.5596532474564708e+16,9.0,132.0,114.0,0.0492,0.0206,0.0821,0.1313,0.8687
54.0,1.3731256090905092e+16,9.0,155.0,150.0,0.0076,0.0079,0.0291,0.0367,0.9633
54.0,1.6069925190384548e+16,9.0,187.0,182.0,0.0607,0.0347,0.0347,0.0954,0.9046
54.0,1.5573856665510388e+16,9.0,235.0,232.0,0.0236,0.0177,0.0177,0.0413,0.9587
54.0,1.4770312128976476e+16,9.0,151.0,139.0,0.0671,0.0222,0.0371,0.10420000000000001,0.8957999999999999
54.0,1.4337370238518572e+16,9.0,171.0,169.0,0.0301,0.0317,0.0317,0.061799999999999994,0.9382
54.0,1.0976597397963084e+16,9.0,105.0,105.0,0.0243,0.0243,0.0,0.0243,0.9757
54.0,1.6272432657104608e+16,9.0,172.0,147.0,0.0808,0.013,0.14300000000000002,0.2238,0.7762
54.0,1.1954306412170148e+16,9.0,138.0,133.0,0.0569,0.0214,0.0214,0.0783,0.9217
55.0,1.937670421670375e+16,9.0,175.0,152.0,0.0206,0.0254,0.05499999999999999,0.0756,0.9244
55.0,2.6663461063156596e+16,9.0,134.0,134.0,0.066,0.066,0.0,0.066,0.9339999999999999
55.0,3.439590560999144e+16,10.0,126.0,126.0,0.0403,0.0403,0.0,0.0403,0.9597
55.0,2.3597990166617732e+16,9.0,164.0,155.0,0.0293,0.0134,0.0201,0.0494,0.9506
55.0,3.2965149856857856e+16,9.0,112.0,112.0,0.0162,0.0162,0.0,0.0162,0.9838
55.0,2.6635220705082104e+16,9.0,162.0,158.0,0.08700000000000001,0.0841,0.0841,0.1711,0.8289
55.0,3.095868819207415e+16,9.0,133.0,121.0,0.0002,0.0065,0.054099999999999995,0.054299999999999994,0.9457
55.0,3.4756352610313092e+16,10.0,88.0,88.0,0.0246,0.0246,0.0,0.0246,0.9754
55.0,2.877778519053799e+16,9.0,106.0,106.0,0.0228,0.0228,0.0,0.0228,0.9772
55.0,3.145434631580129e+16,9.0,216.0,216.0,0.0625,0.0625,0.0,0.0625,0.9375
56.0,5.619953732609911e+16,10.0,129.0,126.0,0.0124,0.007,0.015300000000000001,0.027700000000000002,0.9722999999999999
56.0,6.096573146459312e+16,10.0,172.0,161.0,0.0081,0.0022,0.0056,0.0137,0.9863
56.0,5.125370821200143e+16,10.0,210.0,210.0,0.0102,0.0102,0.0,0.0102,0.9898
56.0,6.542388688855415e+16,10.0,106.0,106.0,0.0188,0.0188,0.0,0.0188,0.9812
56.0,6.2380944060003656e+16,10.0,157.0,143.0,0.0092,0.0094,0.0134,0.022600000000000002,0.9774
56.0,5.212574209201559e+16,10.0,143.0,143.0,0.0458,0.0458,0.0,0.0458,0.9542
56.0,4.5370689298603096e+16,10.0,172.0,172.0,0.0134,0.0134,0.0,0.0134,0.9866
56.0,7.204073003783549e+16,10.0,161.0,126.0,0.0002,0.0038,0.011399999999999999,0.0116,0.9884
56.0,4.743811627949563e+16,10.0,130.0,130.0,0.0437,0.0437,0.0,0.0437,0.9563
56.0,6.998208679277014e+16,10.0,108.0,108.0,0.0314,0.0314,0.0,0.0314,0.9686
57.0,1.3398454748050384e+17,10.0,80.0,80.0,0.0369,0.0369,0.0,0.0369,0.9631
57.0,1.3358845794720478e+17,10.0,122.0,122.0,0.0096,0.0096,0.0,0.0096,0.9904
57.0,1.1018361457477738e+17,10.0,157.0,157.0,0.0122,0.0122,0.0,0.0122,0.9878
57.0,9.501108014883238e+16,10.0,144.0,132.0,0.20729999999999998,0.0343,0.0343,0.24159999999999998,0.7584
57.0,1.1151959098453682e+17,10.0,222.0,205.0,0.0196,0.0011,0.016999999999999998,0.036599999999999994,0.9634
57.0,1.1975541195364114e+17,10.0,130.0,130.0,0.0029,0.0029,0.0,0.0029,0.9971
57.0,1.152875028459899e+17,10.0,130.0,126.0,0.0477,0.0122,0.0122,0.0599,0.9401
57.0,1.4105532359671272e+17,10.0,154.0,154.0,0.0608,0.0608,0.0,0.0608,0.9392
57.0,1.2509907164293157e+17,10.0,132.0,132.0,0.0457,0.0457,0.0,0.0457,0.9543
57.0,1.33616612618814e+17,10.0,132.0,126.0,0.0113,0.0167,0.0167,0.027999999999999997,0.972
58.0,2.3367041641644714e+17,10.0,187.0,184.0,0.1341,0.0114,0.0114,0.1455,0.8545
58.0,2.441089009817623e+17,10.0,143.0,143.0,0.1051,0.1051,0.0,0.1051,0.8949
58.0,2.3823967003540413e+17,10.0,143.0,129.0,0.034,0.0078,0.0358,0.0698,0.9302
58.0,2.8502911117962304e+17,10.0,139.0,122.0,0.0088,0.0046,0.027299999999999998,0.0361,0.9639
58.0,2.7634505705099232e+17,10.0,104.0,104.0,0.0208,0.0208,0.0,0.0208,0.9792
58.0,2.7266027785271318e+17,10.0,154.0,152.0,0.0065,0.0015,0.0015,0.008,0.992
58.0,2.5977813264647824e+17,10.0,130.0,119.0,0.0276,0.024,0.024,0.0516,0.9484
58.0,2.6764096323506013e+17,10.0,168.0,167.0,0.0763,0.016,0.016,0.09230000000000001,0.9077
58.0,2.7006794031153597e+17,10.0,172.0,172.0,0.0359,0.0359,0.0,0.0359,0.9641
58.0,2.5513706091813152e+17,10.0,126.0,119.0,0.0041,0.0056,0.0056,0.0097,0.9903
59.0,4.893803412733204e+17,10.0,145.0,134.0,0.0179,0.0054,0.0054,0.0233,0.9767
59.0,5.439489969262568e+17,10.0,133.0,133.0,0.0196,0.0196,0.0,0.0196,0.9804
59.0,4.469414756120772e+17,10.0,218.0,218.0,0.0085,0.0085,0.0,0.0085,0.9915
59.0,4.127412508876973e+17,10.0,128.0,128.0,0.0074,0.0074,0.0,0.0074,0.9926
59.0,5.266765249490978e+17,10.0,215.0,211.0,0.0079,0.0083,0.0083,0.0162,0.9838
59.0,5.691919995147347e+17,10.0,131.0,118.0,0.1041,0.0212,0.038599999999999995,0.1427,0.8573
59.0,4.445271037622948e+17,10.0,150.0,150.0,0.0076,0.0076,0.0,0.0076,0.9924
59.0,5.359019716248034e+17,10.0,127.0,127.0,0.0045,0.0045,0.0,0.0045,0.9955
59.0,4.25938044142124e+17,10.0,111.0,111.0,0.0106,0.0106,0.0,0.0106,0.9894
59.0,4.532074263826454e+17,10.0,231.0,231.0,0.0342,0.0342,0.0,0.0342,0.9658
60.0,1.1022777272895846e+18,10.0,207.0,200.0,0.0239,0.0242,0.0242,0.048100000000000004,0.9519
60.0,8.487618125816832e+17,10.0,140.0,136.0,0.0016,0.0004,0.0004,0.002,0.998
60.0,9.795029291673458e+17,10.0,149.0,149.0,0.0055,0.0055,0.0,0.0055,0.9945
60.0,1.1010876766954538e+18,10.0,186.0,186.0,0.0058,0.0058,0.0,0.0058,0.9942
60.0,9.052558484710792e+17,10.0,139.0,117.0,0.0595,0.0384,0.0384,0.09789999999999999,0.9021
60.0,7.434523434371057e+17,10.0,136.0,136.0,0.0387,0.0387,0.0,0.0387,0.9613
60.0,9.2184928545396e+17,10.0,119.0,119.0,0.0338,0.0338,0.0,0.0338,0.9662
60.0,7.54914383750192e+17,10.0,159.0,159.0,0.0479,0.0479,0.0,0.0479,0.9521
60.0,9.43968729636676e+17,10.0,174.0,166.0,0.0127,0.0093,0.0093,0.022,0.978
60.0,9.460590819854642e+17,10.0,138.0,138.0,0.0122,0.0122,0.0,0.0122,0.9878
61.0,2.197760852251579e+18,10.0,256.0,249.0,0.051199999999999996,0.0239,0.038400000000000004,0.0896,0.9104
61.0,1.8116337960046208e+18,10.0,161.0,157.0,0.0093,0.0447,0.0447,0.05399999999999999,0.946
61.0,2.127619311845063e+18,10.0,129.0,129.0,0.015,0.015,0.0,0.015,0.985
61.0,1.924544190038207e+18,10.0,151.0,136.0,0.0127,0.009,0.012499999999999999,0.0252,0.9748
61.0,1.2815467965754685e+18,10.0,158.0,158.0,0.0131,0.0131,0.0,0.0131,0.9869
61.0,1.551998203962582e+18,10.0,143.0,120.0,0.1479,0.0299,0.0299,0.1778,0.8222
61.0,1.287554316967137e+18,10.0,151.0,137.0,0.0089,0.0079,0.031700000000000006,0.040600000000000004,0.9594
61.0,1.7086039621712735e+18,10.0,127.0,127.0,0.0292,0.0292,0.0,0.0292,0.9708
61.0,2.1328340623444943e+18,10.0,158.0,158.0,0.008,0.008,0.0,0.008,0.992
61.0,1.9037124734722445e+18,10.0,151.0,151.0,0.0282,0.0282,0.0,0.0282,0.9718
62.0,3.9293735130996675e+18,10.0,170.0,148.0,0.0037,0.0039,0.012299999999999998,0.016,0.984
62.0,4.525291764465676e+18,10.0,212.0,209.0,0.0057,0.0084,0.0084,0.0141,0.9859
62.0,3.764547307942266e+18,10.0,227.0,220.0,0.0388,0.0098,0.012199999999999999,0.051000000000000004,0.949
62.0,4.12311185521119e+18,10.0,139.0,137.0,0.072,0.0025,0.0025,0.0745,0.9255
62.0,3.324448068599253e+18,10.0,120.0,120.0,0.017,0.017,0.0,0.017,0.983
62.0,3.390001648708338e+18,10.0,146.0,144.0,0.0168,0.1294,0.1294,0.1462,0.8538
62.0,3.561038969979303e+18,10.0,161.0,158.0,0.0053,0.0153,0.0153,0.0206,0.9794
62.0,3.818215097227992e+18,10.0,135.0,135.0,0.0378,0.0378,0.0,0.0378,0.9621999999999999
62.0,2.462185163782441e+18,10.0,201.0,187.0,0.0084,0.0076,0.0413,0.0497,0.9503
62.0,3.4999229510516045e+18,10.0,134.0,134.0,0.0103,0.0103,0.0,0.0103,0.9897
63.0,9.165104670139024e+18,11.0,157.0,157.0,0.0045,0.0045,0.0,0.0045,0.9955
63.0,7.504240238862373e+18,11.0,162.0,152.0,0.0557,0.0216,0.0216,0.07730000000000001,0.9227
63.0,8.444197233979928e+18,11.0,217.0,205.0,0.0037,0.0029,0.0235,0.027200000000000002,0.9728
63.0,7.75237415413001e+18,11.0,132.0,130.0,0.0061,0.0003,0.0003,0.0064,0.9936
63.0,8.958508512648401e+18,11.0,133.0,133.0,0.0251,0.0251,0.0,0.0251,0.9749
63.0,8.049028051073983e+18,11.0,160.0,160.0,0.0136,0.0136,0.0,0.0136,0.9864
63.0,6.362790431506565e+18,10.0,135.0,135.0,0.0167,0.0167,0.0,0.0167,0.9833
63.0,7.796810021031158e+18,11.0,160.0,126.0,0.012,0.0033,0.04139999999999999,0.05339999999999999,0.9466
63.0,7.152167650802782e+18,10.0,173.0,173.0,0.0024,0.0024,0.0,0.0024,0.9976
63.0,7.320558529912993e+18,10.0,118.0,118.0,0.0378,0.0378,0.0,0.0378,0.9621999999999999
64.0,1.7818596118504415e+19,11.0,135.0,135.0,0.0257,0.0257,0.0,0.0257,0.9742999999999999
64.0,1.8018316378744678e+19,11.0,157.0,157.0,0.0167,0.0167,0.0,0.0167,0.9833
64.0,1.214320200222019e+19,11.0,175.0,175.0,0.007,0.007,0.0,0.007,0.993
64.0,1.749334281351346e+19,11.0,181.0,181.0,0.0101,0.0101,0.0,0.0101,0.9899
64.0,1.7486194564669979e+19,11.0,118.0,118.0,0.0143,0.0143,0.0,0.0143,0.9857
64.0,1.4184674683910623e+19,11.0,142.0,142.0,0.0132,0.0132,0.0,0.0132,0.9868
64.0,1.3403891453456079e+19,11.0,155.0,155.0,0.0451,0.0451,0.0,0.0451,0.9549
64.0,1.7327769536753172e+19,11.0,158.0,158.0,0.0324,0.0324,0.0,0.0324,0.9676
64.0,1.5953099925404936e+19,11.0,193.0,190.0,0.0824,0.0195,0.0195,0.1019,0.8981
64.0,1.6928225430998053e+19,11.0,111.0,111.0,0.006,0.006,0.0,0.006,0.994
65.0,29985621377279777389,11.0,148.0,135.0,0.0256,0.0015,0.0299,0.0555,0.9445
65.0,23227645968253309897,11.0,170.0,165.0,0.0103,0.0122,0.0122,0.0225,0.9775
65.0,26647667229090104653,11.0,179.0,173.0,0.0034,0.0099,0.011500000000000002,0.014900000000000002,0.9851
65.0,35945005450588016317,11.0,232.0,232.0,0.0183,0.0183,0.0,0.0183,0.9817
65.0,25760667208688479567,11.0,165.0,140.0,0.0056,0.0031,0.0324,0.038,0.962
65.0,27947509135909381307,11.0,163.0,157.0,0.0048000000000000004,0.0025,0.0036,0.008400000000000001,0.9916
65.0,29273699138001192493,11.0,163.0,163.0,0.0196,0.0196,0.0,0.0196,0.9804
65.0,31507057397250969889,11.0,224.0,224.0,0.0174,0.0174,0.0,0.0174,0.9826
65.0,33221951550861164899,11.0,159.0,159.0,0.0262,0.0262,0.0,0.0262,0.9738
65.0,32007379275897637093,11.0,157.0,143.0,0.0051,0.002,0.008,0.0131,0.9869
66.0,47405165514996775711,11.0,192.0,192.0,0.0055,0.0055,0.0,0.0055,0.9945
66.0,43738059650534199001,11.0,180.0,179.0,0.0042,0.0048,0.0048,0.009,0.991
66.0,45386804374021682879,11.0,156.0,156.0,0.0218,0.0218,0.0,0.0218,0.9782
66.0,70037654752978025671,11.0,165.0,165.0,0.0032,0.0032,0.0,0.0032,0.9968
66.0,45216446241939811087,11.0,167.0,156.0,0.009,0.006,0.006,0.015,0.985
66.0,52561393163797464637,11.0,156.0,156.0,0.0015,0.0015,0.0,0.0015,0.9985
66.0,62874364641167398757,11.0,158.0,147.0,0.0258,0.0067,0.0201,0.045899999999999996,0.9541
66.0,71120656517629927051,11.0,132.0,125.0,0.0639,0.0103,0.0103,0.0742,0.9258
66.0,70529185233367968773,11.0,160.0,160.0,0.024,0.024,0.0,0.024,0.976
66.0,50535764766597306073,11.0,145.0,145.0,0.0089,0.0089,0.0,0.0089,0.9911
67.0,126274428126258685489,11.0,139.0,139.0,0.108,0.108,0.0,0.108,0.892
67.0,131317607110499107019,11.0,188.0,154.0,0.0234,0.009,0.06789999999999999,0.09129999999999999,0.9087000000000001
67.0,132452270209472483197,11.0,130.0,130.0,0.0106,0.0106,0.0,0.0106,0.9894
67.0,83382331962711740929,11.0,171.0,171.0,0.1231,0.1231,0.0,0.1231,0.8769
67.0,130726573615430980841,11.0,231.0,231.0,0.0132,0.0132,0.0,0.0132,0.9868
67.0,94402717400430843113,11.0,167.0,167.0,0.0036,0.0036,0.0,0.0036,0.9964
67.0,131435873240060771093,11.0,180.0,171.0,0.0143,0.0528,0.0528,0.06709999999999999,0.9329000000000001
67.0,108575598266829337243,11.0,189.0,187.0,0.0114,0.008,0.008,0.0194,0.9806
67.0,139380128020841969851,11.0,139.0,139.0,0.0332,0.0332,0.0,0.0332,0.9668
67.0,75448082086958575777,11.0,174.0,173.0,0.0116,0.0224,0.0224,0.034,0.966
68.0,212188861481222291873,11.0,166.0,147.0,0.0039,0.0078,0.0078,0.011699999999999999,0.9883
68.0,240266208883482770467,11.0,207.0,194.0,0.0061,0.0034,0.0081,0.0142,0.9858
68.0,292906690759959129739,11.0,193.0,193.0,0.0061,0.0061,0.0,0.0061,0.9939
68.0,290763504309881747149,11.0,162.0,128.0,0.0454,0.0132,0.10340000000000002,0.14880000000000002,0.8512
68.0,275775777212130634883,11.0,157.0,157.0,0.0643,0.0643,0.0,0.0643,0.9357
68.0,268279992166289640913,11.0,152.0,152.0,0.0091,0.0091,0.0,0.0091,0.9909
68.0,188087763035645949823,11.0,176.0,150.0,0.0141,0.0165,0.0646,0.0787,0.9213
68.0,258857570101051175083,11.0,123.0,123.0,0.0368,0.0368,0.0,0.0368,0.9632000000000001
68.0,252126909003575678057,11.0,208.0,208.0,0.0085,0.0085,0.0,0.0085,0.9915
68.0,231410950594391446129,11.0,155.0,155.0,0.0067,0.0067,0.0,0.0067,0.9933
69.0,590052928380217680953,11.0,171.0,158.0,0.0024,0.001,0.009999999999999998,0.012399999999999998,0.9876
69.0,494240247370164772567,11.0,118.0,118.0,0.0426,0.0426,0.0,0.0426,0.9574
69.0,550508498755568637527,11.0,126.0,126.0,0.0573,0.0573,0.0,0.0573,0.9427
69.0,540812915517262064969,11.0,143.0,143.0,0.0117,0.0117,0.0,0.0117,0.9883
69.0,573941820196012202479,11.0,181.0,159.0,0.0025,0.0014,0.009,0.0115,0.9885
69.0,318930562841878515041,11.0,147.0,147.0,0.2281,0.2281,0.0,0.2281,0.7719
69.0,498785689416670441717,11.0,169.0,169.0,0.0881,0.0881,0.0,0.0881,0.9119
69.0,564480201160907035283,11.0,138.0,138.0,0.0946,0.0946,0.0,0.0946,0.9054
69.0,442803475677349664629,11.0,209.0,175.0,0.012199999999999999,0.0123,0.083,0.0952,0.9048
69.0,491590607199879229649,11.0,135.0,135.0,0.0162,0.0162,0.0,0.0162,0.9838
70.0,1032708963304857473119,11.0,218.0,207.0,0.0205,0.0101,0.0101,0.030600000000000002,0.9694
70.0,989784492898908248519,11.0,164.0,149.0,0.0035,0.0054,0.015300000000000001,0.0188,0.9812
70.0,1059713716615650380107,11.0,163.0,154.0,0.0043,0.0027,0.0068000000000000005,0.0111,0.9889
70.0,1033667493556980019921,11.0,135.0,135.0,0.0149,0.0149,0.0,0.0149,0.9851
70.0,827716592361391138999,11.0,144.0,135.0,0.0056,0.0083,0.0083,0.0139,0.9861
70.0,1115029819297905037717,11.0,175.0,175.0,0.0093,0.0093,0.0,0.0093,0.9907
70.0,976546363382701862911,11.0,188.0,188.0,0.1031,0.1031,0.0,0.1031,0.8969
70.0,734831384821297871837,11.0,145.0,135.0,0.0045,0.016,0.0255,0.03,0.97
70.0,946556701398241764557,11.0,167.0,167.0,0.0339,0.0339,0.0,0.0339,0.9661
70.0,1148954614482542412299,11.0,208.0,208.0,0.0163,0.0163,0.0,0.0163,0.9837
71.0,2248018691390567200111,12.0,187.0,187.0,0.0214,0.0214,0.0,0.0214,0.9786
71.0,1419741798111409181767,11.0,138.0,138.0,0.0149,0.0149,0.0,0.0149,0.9851
71.0,2050805505279586804543,12.0,228.0,228.0,0.0045,0.0045,0.0,0.0045,0.9955
71.0,2103222675072307056929,12.0,170.0,169.0,0.0108,0.003,0.003,0.0138,0.9862
71.0,2335230481529268719243,12.0,155.0,154.0,0.0068,0.0259,0.0259,0.0327,0.9673
71.0,1581406131728665127527,11.0,204.0,204.0,0.0186,0.0186,0.0,0.0186,0.9814
71.0,2273797795700456045261,12.0,168.0,168.0,0.0017,0.0017,0.0,0.0017,0.9983
71.0,1592283109913831149669,11.0,199.0,194.0,0.0224,0.0022,0.0022,0.0246,0.9754
71.0,1631051119166381131693,11.0,191.0,191.0,0.0056,0.0056,0.0,0.0056,0.9944
71.0,1949973334997461874927,12.0,167.0,167.0,0.0263,0.0263,0.0,0.0263,0.9737
72.0,3951096726310578232987,12.0,159.0,159.0,0.0048,0.0048,0.0,0.0048,0.9952
72.0,3074751991612524881299,12.0,172.0,161.0,0.0134,0.0065,0.0065,0.0199,0.9801
72.0,3574811114262374754727,12.0,166.0,166.0,0.1542,0.1542,0.0,0.1542,0.8458
72.0,4432079706403895823007,12.0,222.0,205.0,0.0124,0.0024,0.0207,0.0331,0.9669
72.0,3781437325922631648047,12.0,156.0,147.0,0.0014,0.0016,0.0016,0.003,0.997
72.0,3914628839425899285367,12.0,175.0,173.0,0.0074,0.0101,0.0101,0.0175,0.9825
72.0,4398290173041866352907,12.0,262.0,260.0,0.0057,0.0032,0.0032,0.0089,0.9911
72.0,3720658765214033605777,12.0,210.0,210.0,0.0073,0.0073,0.0,0.0073,0.9927
72.0,3756703305686736870917,12.0,260.0,247.0,0.0031,0.0028,0.0028,0.0059,0.9941
72.0,3994675390549792875439,12.0,281.0,281.0,0.006,0.006,0.0,0.006,0.994
73.0,7634594783478000833333,12.0,180.0,168.0,0.0025,0.0033,0.008199999999999999,0.0107,0.9893
73.0,8377567901604083732801,12.0,161.0,146.0,0.0042,0.0021,0.0028,0.006999999999999999,0.993
73.0,5651402412146499790823,12.0,263.0,263.0,0.0056,0.0056,0.0,0.0056,0.9944
73.0,9270063798434756503789,12.0,175.0,175.0,0.019,0.019,0.0,0.019,0.981
73.0,8825638267908574285009,12.0,200.0,176.0,0.0073,0.0103,0.0331,0.0404,0.9596
73.0,5179485294142653077503,12.0,295.0,287.0,0.0242,0.0029,0.0106,0.0348,0.9652000000000001
73.0,8984726493666311039387,12.0,188.0,188.0,0.0021,0.0021,0.0,0.0021,0.9979
73.0,7795411173545991392191,12.0,211.0,187.0,0.0065,0.0045,0.0098,0.0163,0.9837
73.0,8285536758555048929207,12.0,146.0,146.0,0.0388,0.0388,0.0,0.0388,0.9612
73.0,8719429355442991476199,12.0,240.0,240.0,0.0091,0.0091,0.0,0.0091,0.9909
74.0,15386627582775962867867,12.0,181.0,181.0,0.0062,0.0062,0.0,0.0062,0.9938
74.0,10540948477057077012121,12.0,220.0,220.0,0.0074,0.0074,0.0,0.0074,0.9926
74.0,14885202315415952355761,12.0,162.0,137.0,0.0052,0.004,0.004,0.0092,0.9908
74.0,17653439076706601780509,12.0,137.0,137.0,0.0125,0.0125,0.0,0.0125,0.9875
74.0,17452998543341723735441,12.0,185.0,172.0,0.0027,0.003,0.0098,0.0125,0.9875
74.0,13295947276040436283693,12.0,164.0,164.0,0.0066,0.0066,0.0,0.0066,0.9934
74.0,12366009176616753243529,12.0,183.0,169.0,0.0023,0.0083,0.019,0.0213,0.9787
74.0,15818838197334457684361,12.0,264.0,264.0,0.0069,0.0069,0.0,0.0069,0.9931
74.0,17197681769482082205061,12.0,174.0,174.0,0.0738,0.0738,0.0,0.0738,0.9262
74.0,16095082442419025335819,12.0,191.0,191.0,0.0135,0.0135,0.0,0.0135,0.9865
75.0,20866995751754597173637,12.0,155.0,155.0,0.0146,0.0146,0.0,0.0146,0.9854
75.0,33939516002065573969757,12.0,181.0,155.0,0.01,0.0034,0.0034,0.0134,0.9866
75.0,30556146737973011615039,12.0,286.0,286.0,0.0221,0.0221,0.0,0.0221,0.9779
75.0,32243995329865495673087,12.0,182.0,180.0,0.0138,0.0013,0.0013,0.015099999999999999,0.9849
75.0,34591288856844599102537,12.0,185.0,185.0,0.0177,0.0177,0.0,0.0177,0.9823
75.0,33261393709238055403489,12.0,292.0,292.0,0.0439,0.0439,0.0,0.0439,0.9561
75.0,28667701529848734356233,12.0,169.0,166.0,0.0039,0.0051,0.0051,0.009000000000000001,0.991
75.0,26252816796614922808033,12.0,223.0,206.0,0.0101,0.0107,0.0472,0.0573,0.9427
75.0,27519673445056208361409,12.0,215.0,205.0,0.0173,0.0054,0.0054,0.022699999999999998,0.9773000000000001
75.0,31559075840683381946447,12.0,145.0,145.0,0.022,0.022,0.0,0.022,0.978
76.0,48090244911812280604607,12.0,190.0,183.0,0.0096,0.0025,0.0025,0.0121,0.9879
76.0,53201076106733033915879,12.0,255.0,229.0,0.0013,0.0056,0.0101,0.0114,0.9886
76.0,49804458898552148517031,12.0,190.0,190.0,0.0066,0.0066,0.0,0.0066,0.9934
76.0,68573074210986100757641,12.0,226.0,209.0,0.016,0.0173,0.09799999999999999,0.11399999999999999,0.886
76.0,68078604438302970971821,12.0,189.0,189.0,0.029,0.029,0.0,0.029,0.971
76.0,50549928814133011610939,12.0,153.0,152.0,0.0056,0.0009,0.0009,0.0065,0.9935
76.0,73209976091284678174883,12.0,134.0,134.0,0.0045,0.0045,0.0,0.0045,0.9955
76.0,66241037921608153789873,12.0,216.0,203.0,0.0056,0.0003,0.0084,0.013999999999999999,0.986
76.0,74965589262994131657257,12.0,291.0,260.0,0.0006,0.0023,0.013000000000000001,0.013600000000000001,0.9863999999999999
76.0,70539847640200293331573,12.0,247.0,247.0,0.0083,0.0083,0.0,0.0083,0.9917
77.0,145472942602993681349251,12.0,183.0,168.0,0.006200000000000001,0.0021,0.0060999999999999995,0.0123,0.9877
77.0,134001174320080753074143,12.0,199.0,183.0,0.0065,0.0051,0.0051,0.0116,0.9884
77.0,148486437074872796386691,12.0,200.0,183.0,0.0235,0.0023,0.0023,0.0258,0.9742
77.0,148909062962525841412891,12.0,209.0,209.0,0.0041,0.0041,0.0,0.0041,0.9959
77.0,111959028305093757670759,12.0,340.0,300.0,0.0021,0.0017,0.0066,0.0087,0.9913
77.0,150057680357675179017793,12.0,244.0,239.0,0.005,0.003,0.003,0.008,0.992
77.0,110581787367158841191833,12.0,172.0,172.0,0.004,0.004,0.0,0.004,0.996
77.0,142956772560254263775737,12.0,315.0,300.0,0.002,0.0139,0.0177,0.019700000000000002,0.9803
77.0,148682093709465137228587,12.0,185.0,185.0,0.0165,0.0165,0.0,0.0165,0.9835
77.0,143209879484892860301131,12.0,197.0,176.0,0.0059,0.006,0.017300000000000003,0.023200000000000002,0.9768
78.0,273877071948773055995971,12.0,157.0,152.0,0.0086,0.008,0.008,0.0166,0.9834
78.0,287581893160413881514533,12.0,179.0,171.0,0.009,0.001,0.001,0.009999999999999998,0.99
78.0,273235600401345945353521,12.0,244.0,235.0,0.0084,0.0012,0.0012,0.0096,0.9904
78.0,169037197337101505043131,12.0,127.0,127.0,0.0335,0.0335,0.0,0.0335,0.9665
78.0,291682764154494375989101,12.0,181.0,181.0,0.0012,0.0012,0.0,0.0012,0.9988
78.0,273310110679765242844073,12.0,256.0,240.0,0.0153,0.0038,0.0453,0.0606,0.9394
78.0,192467659315607238293431,12.0,247.0,247.0,0.022199999999999998,0.022199999999999998,0.0,0.022199999999999998,0.9778
78.0,237076559137018187072861,12.0,136.0,136.0,0.0025,0.0025,0.0,0.0025,0.9975
78.0,256894563850940628556819,12.0,186.0,186.0,0.0024,0.0024,0.0,0.0024,0.9976
78.0,275463626405353251359539,12.0,212.0,212.0,0.0016,0.0016,0.0,0.0016,0.9984
79.0,537538370739937590268669,13.0,195.0,189.0,0.0239,0.0109,0.0109,0.0348,0.9652000000000001
79.0,510478498149931270758611,13.0,195.0,191.0,0.0109,0.0021,0.0021,0.013,0.987
79.0,539570316868238627355959,13.0,153.0,153.0,0.007,0.007,0.0,0.007,0.993
79.0,361079040155214236878667,12.0,230.0,222.0,0.01,0.0081,0.024499999999999997,0.034499999999999996,0.9655
79.0,443392290521884489628989,12.0,123.0,123.0,0.0176,0.0176,0.0,0.0176,0.9824
79.0,571974076591580336049031,13.0,279.0,279.0,0.0043,0.0043,0.0,0.0043,0.9957
79.0,555373262145756003234787,13.0,234.0,226.0,0.0178,0.0225,0.0321,0.0499,0.9501
79.0,413519179695192549589889,12.0,260.0,243.0,0.0005,0.0005,0.014499999999999999,0.015,0.985
79.0,489379907642746456762073,12.0,134.0,134.0,0.0003,0.0003,0.0,0.0003,0.9997
79.0,390737312712013033099769,12.0,167.0,164.0,0.0086,0.0171,0.0171,0.0257,0.9742999999999999
80.0,663050265425559473567771,13.0,170.0,170.0,0.0043,0.0043,0.0,0.0043,0.9957
80.0,1037107409157969230110387,13.0,164.0,164.0,0.0057,0.0057,0.0,0.0057,0.9943
80.0,798581087416918099417993,13.0,256.0,239.0,0.0011,0.006,0.0095,0.0106,0.9894
80.0,1139427590385661127471257,13.0,156.0,144.0,0.0057,0.0016,0.0085,0.0142,0.9858
80.0,808261529843151604240973,13.0,154.0,154.0,0.0069,0.0069,0.0,0.0069,0.9931
80.0,999654779316562171030733,13.0,179.0,179.0,0.0063,0.0063,0.0,0.0063,0.9937
80.0,1095436963004386953107813,13.0,201.0,195.0,0.0203,0.0035,0.0097,0.03,0.97
80.0,896622902672951888446069,13.0,162.0,159.0,0.0215,0.0261,0.0261,0.0476,0.9524
80.0,976374399153210448751119,13.0,196.0,196.0,0.0013,0.0013,0.0,0.0013,0.9987
80.0,951849892064317427844727,13.0,171.0,171.0,0.0013,0.0013,0.0,0.0013,0.9987
81.0,1322931456893779238931221,13.0,139.0,139.0,0.0023,0.0023,0.0,0.0023,0.9977
81.0,2261565688312137464019391,13.0,182.0,169.0,0.0027,0.0117,0.0141,0.0168,0.9832
81.0,1829979668657837440683697,13.0,156.0,156.0,0.0023,0.0023,0.0,0.0023,0.9977
81.0,2174411183664927878617469,13.0,230.0,230.0,0.0028,0.0028,0.0,0.0028,0.9972
81.0,2213095448688859854104387,13.0,208.0,208.0,0.0078,0.0078,0.0,0.0078,0.9922
81.0,2416539898014529398280931,13.0,215.0,206.0,0.0141,0.003,0.003,0.0171,0.9829
81.0,1366290611149517884388549,13.0,203.0,192.0,0.0009,0.0019,0.0019,0.0028,0.9972
81.0,1818380861036135311882423,13.0,168.0,146.0,0.006200000000000001,0.0083,0.014400000000000001,0.0206,0.9794
81.0,2364232621409394631548689,13.0,225.0,225.0,0.0146,0.0146,0.0,0.0146,0.9854
81.0,1626274529576920205748851,13.0,214.0,214.0,0.0008,0.0008,0.0,0.0008,0.9992
82.0,4604310854975655607504769,13.0,167.0,160.0,0.0091,0.0016,0.0039,0.013000000000000001,0.987
82.0,3082524311857162516625299,13.0,223.0,216.0,0.0022,0.0005,0.0005,0.0027,0.9973
82.0,4768900628548985561469919,13.0,212.0,203.0,0.0422,0.0312,0.0385,0.0807,0.9193
82.0,3248097217944821864857159,13.0,219.0,219.0,0.0147,0.0147,0.0,0.0147,0.9853
82.0,4474097218065486936564287,13.0,349.0,342.0,0.0002,0.0008,0.0008,0.001,0.999
82.0,4123205318516049566758757,13.0,224.0,224.0,0.005,0.005,0.0,0.005,0.995
82.0,4283812227575483791725233,13.0,210.0,210.0,0.0018,0.0018,0.0,0.0018,0.9982
82.0,4415566832970898145331529,13.0,304.0,298.0,0.012,0.0027,0.0075,0.0195,0.9805
82.0,3108382854138181624392347,13.0,181.0,181.0,0.0032,0.0032,0.0,0.0032,0.9968
82.0,3517068801016638549297241,13.0,264.0,246.0,0.0029,0.0035,0.0115,0.0144,0.9856
83.0,8650707747602067995272301,13.0,203.0,203.0,0.0222,0.0222,0.0,0.0222,0.9778
83.0,7703208572620155771339061,13.0,171.0,171.0,0.0313,0.0313,0.0,0.0313,0.9687
83.0,6486966618216999829732667,13.0,248.0,248.0,0.0057,0.0057,0.0,0.0057,0.9943
83.0,7275553009418579906543213,13.0,204.0,182.0,0.001,0.0024,0.0063999999999999994,0.0073999999999999995,0.9926
83.0,8869806155909233449979301,13.0,186.0,186.0,0.0056,0.0056,0.0,0.0056,0.9944
83.0,9162908685934132030654997,13.0,250.0,250.0,0.0093,0.0093,0.0,0.0093,0.9907
83.0,7560378321436766488644227,13.0,266.0,266.0,0.0438,0.0438,0.0,0.0438,0.9562
83.0,6420162833585988814155131,13.0,197.0,197.0,0.0051,0.0051,0.0,0.0051,0.9949
83.0,6743738817302591727418753,13.0,236.0,208.0,0.029500000000000002,0.0055,0.0104,0.039900000000000005,0.9601
83.0,8272162680306149564740811,13.0,297.0,283.0,0.005,0.0206,0.0552,0.0602,0.9398
84.0,11922069005837408872110037,13.0,334.0,316.0,0.0003,0.0006,0.0041,0.0044,0.9956
84.0,12998197543581225110620799,13.0,165.0,165.0,0.0041,0.0041,0.0,0.0041,0.9959
84.0,17996231698724767057113913,13.0,363.0,347.0,0.0207,0.0034,0.0546,0.0753,0.9247
84.0,11141049374861722071472061,13.0,258.0,258.0,0.0107,0.0107,0.0,0.0107,0.9893
84.0,17335458047472018865681877,13.0,206.0,187.0,0.0063,0.0022,0.009,0.0153,0.9847
84.0,14174597440957239914250319,13.0,246.0,221.0,0.016900000000000002,0.0031,0.035,0.0519,0.9480999999999999
84.0,13252594165389175645188667,13.0,222.0,222.0,0.0009,0.0009,0.0,0.0009,0.9991
84.0,18173807912855662384698683,13.0,173.0,160.0,0.0246,0.0043,0.0102,0.0348,0.9652000000000001
84.0,18137729161972481755182823,13.0,187.0,187.0,0.003,0.003,0.0,0.003,0.997
84.0,13230915744679082031424751,13.0,168.0,168.0,0.0152,0.0152,0.0,0.0152,0.9848
85.0,35767199758202203723995347,13.0,252.0,238.0,0.0021,0.0039,0.0087,0.010799999999999999,0.9892
85.0,29483399126715335268231361,13.0,301.0,301.0,0.0044,0.0044,0.0,0.0044,0.9956
85.0,38241272542413919804542643,13.0,196.0,196.0,0.0004,0.0004,0.0,0.0004,0.9996
85.0,32321895327189284263261027,13.0,220.0,215.0,0.0033,0.005,0.0125,0.0158,0.9842
85.0,33575453980554650515385719,13.0,222.0,218.0,0.002,0.0007,0.0007,0.0027,0.9973
85.0,33897586407614972273807623,13.0,363.0,324.0,0.0014000000000000002,0.0005,0.0037,0.0051,0.9949
85.0,33272954722795495220212823,13.0,177.0,177.0,0.0011,0.0011,0.0,0.0011,0.9989
85.0,29079514367091932631961643,13.0,256.0,239.0,0.007,0.006,0.0067,0.0137,0.9863
85.0,32280669390208972473242891,13.0,319.0,290.0,0.0019,0.0013,0.018299999999999997,0.020199999999999996,0.9798
85.0,34967064781255061882558531,13.0,235.0,232.0,0.0027,0.0012,0.0012,0.0039,0.9961
86.0,61684733098138470207200557,13.0,250.0,241.0,0.0021,0.0009,0.0034999999999999996,0.005599999999999999,0.9944
86.0,52694876388677216022998821,13.0,158.0,158.0,0.0014,0.0014,0.0,0.0014,0.9986
86.0,75473151274993572094803047,13.0,299.0,279.0,0.0003,0.0007,0.006899999999999999,0.007199999999999999,0.9928
86.0,76242953388414687308917183,13.0,294.0,294.0,0.0019,0.0019,0.0,0.0019,0.9981
86.0,72842996384155034059783297,13.0,279.0,279.0,0.0006,0.0006,0.0,0.0006,0.9994
86.0,50795424486153354370465093,13.0,301.0,301.0,0.0049,0.0049,0.0,0.0049,0.9951
86.0,76134328170312586110069499,13.0,218.0,218.0,0.0016,0.0016,0.0,0.0016,0.9984
86.0,71206307131410289515519221,13.0,150.0,150.0,0.0046,0.0046,0.0,0.0046,0.9954
86.0,68605772894504873019859123,13.0,187.0,187.0,0.0054,0.0054,0.0,0.0054,0.9946
86.0,72248416257721097841149251,13.0,215.0,215.0,0.0062,0.0062,0.0,0.0062,0.9938
87.0,106831962384123131508907217,13.0,214.0,210.0,0.0027,0.0006000000000000001,0.0032,0.005900000000000001,0.9941
87.0,105166040822522818102730567,13.0,228.0,228.0,0.0009,0.0009,0.0,0.0009,0.9991
87.0,117643847013830988641566991,13.0,182.0,174.0,0.0127,0.0039,0.0039,0.0166,0.9834
87.0,114813129675520785375723217,13.0,211.0,203.0,0.0046,0.0008,0.0008,0.0054,0.9946
87.0,121568980641080847365533313,13.0,190.0,190.0,0.0077,0.0077,0.0,0.0077,0.9923
87.0,125206292196069678884068787,13.0,229.0,229.0,0.003,0.003,0.0,0.003,0.997
87.0,149354223781205591536051087,13.0,209.0,193.0,0.0027,0.0007,0.0038000000000000004,0.006500000000000001,0.9935
87.0,151117670515144674818223731,13.0,202.0,201.0,0.0042,0.0021,0.0021,0.0063,0.9937
87.0,128230757180236479971128259,13.0,179.0,179.0,0.0023,0.0023,0.0,0.0023,0.9977
87.0,140117367377583301870535773,13.0,154.0,154.0,0.0044,0.0044,0.0,0.0044,0.9956
88.0,201972306027529330023612389,14.0,248.0,226.0,0.0005,0.0008,0.0008,0.0013,0.9987
88.0,266257729703518400354430991,14.0,217.0,217.0,0.0004,0.0004,0.0,0.0004,0.9996
88.0,299483976611624634718484507,14.0,247.0,245.0,0.0105,0.0012,0.0012,0.0117,0.9883
88.0,307420212048227451363279359,14.0,178.0,178.0,0.0097,0.0097,0.0,0.0097,0.9903
88.0,261301527305378010174172567,14.0,232.0,232.0,0.0075,0.0075,0.0,0.0075,0.9925
88.0,295431095917204786716725987,14.0,159.0,159.0,0.0187,0.0187,0.0,0.0187,0.9813
88.0,228906980858826203045207831,14.0,180.0,180.0,0.0069,0.0069,0.0,0.0069,0.9931
88.0,232044433317195869094347141,14.0,272.0,272.0,0.0036,0.0036,0.0,0.0036,0.9964
88.0,232008994042986788571237317,14.0,340.0,320.0,0.0208,0.005,0.0226,0.043399999999999994,0.9566
88.0,239432404748206941764936293,14.0,195.0,195.0,0.0054,0.0054,0.0,0.0054,0.9946
89.0,379774206920611164165957683,14.0,204.0,204.0,0.0731,0.0731,0.0,0.0731,0.9269000000000001
89.0,526833663437951006642457157,14.0,231.0,210.0,0.0029,0.0007,0.0103,0.0132,0.9868
89.0,421291933283130282272005163,14.0,215.0,215.0,0.0043,0.0043,0.0,0.0043,0.9957
89.0,401823270850596979809596917,14.0,224.0,215.0,0.005,0.0008,0.008,0.013000000000000001,0.987
89.0,615202798726287031145086687,14.0,271.0,271.0,0.0003,0.0003,0.0,0.0003,0.9997
89.0,515469586288299383327447489,14.0,213.0,190.0,0.0024999999999999996,0.0039,0.012799999999999999,0.015299999999999998,0.9847
89.0,604761848771977221220319621,14.0,224.0,224.0,0.0027,0.0027,0.0,0.0027,0.9973
89.0,597043931741978269401535393,14.0,185.0,185.0,0.0037,0.0037,0.0,0.0037,0.9963
89.0,486271218110122564738878223,14.0,236.0,236.0,0.0049,0.0049,0.0,0.0049,0.9951
89.0,531812157884100795597512009,14.0,311.0,311.0,0.0007,0.0007,0.0,0.0007,0.9993
90.0,992693857767107108597047849,14.0,268.0,268.0,0.0012,0.0012,0.0,0.0012,0.9988
90.0,1010631873023778102626198827,14.0,172.0,172.0,0.0029,0.0029,0.0,0.0029,0.9971
90.0,743829469578591552032429947,14.0,235.0,235.0,0.0047,0.0047,0.0,0.0047,0.9953
90.0,1138950038164101433629166987,14.0,292.0,281.0,0.0019,0.0014,0.0015,0.0034000000000000002,0.9966
90.0,691862126506441897484529059,14.0,273.0,273.0,0.0032,0.0032,0.0,0.0032,0.9968
90.0,1167850403154016139593777351,14.0,247.0,247.0,0.0017,0.0017,0.0,0.0017,0.9983
90.0,889576831072741312340661599,14.0,182.0,182.0,0.0108,0.0108,0.0,0.0108,0.9892
90.0,650752383971243150716402363,14.0,251.0,251.0,0.0125,0.0125,0.0,0.0125,0.9875
90.0,1158614363938342293465049981,14.0,247.0,247.0,0.0096,0.0096,0.0,0.0096,0.9904
90.0,1162711982801351864312698843,14.0,459.0,454.0,0.0059,0.0063,0.0191,0.024999999999999998,0.975
91.0,2305841940814477260857690597,14.0,352.0,341.0,0.0,0.0001,0.0011,0.0011,0.9989
91.0,2065009812039038995585585183,14.0,191.0,191.0,0.0192,0.0192,0.0,0.0192,0.9808
91.0,2124519606079993832494797479,14.0,289.0,271.0,0.0076,0.0061,0.0121,0.0197,0.9803
91.0,2086244679446800521508025333,14.0,261.0,233.0,0.0018000000000000002,0.0011,0.0045000000000000005,0.006300000000000001,0.9937
91.0,2326629994362611197080631399,14.0,275.0,256.0,0.0006,0.0014,0.0086,0.0092,0.9908
91.0,2318210867895420929608389869,14.0,240.0,240.0,0.0048,0.0048,0.0,0.0048,0.9952
91.0,1490429602892253974560677329,14.0,263.0,254.0,0.0013,0.0031,0.0031,0.004399999999999999,0.9956
91.0,2118450596600280132900542929,14.0,165.0,165.0,0.0264,0.0264,0.0,0.0264,0.9736
91.0,2272381073363339812857534371,14.0,209.0,206.0,0.0003,0.0022,0.009,0.0093,0.9907
91.0,2051178050953143263903289919,14.0,209.0,209.0,0.0019,0.0019,0.0,0.0019,0.9981
92.0,4637893363581816720578202709,14.0,206.0,206.0,0.0077,0.0077,0.0,0.0077,0.9923
92.0,3475139497021590554608237033,14.0,215.0,215.0,0.0019,0.0019,0.0,0.0019,0.9981
92.0,2927375276327972121985042223,14.0,228.0,228.0,0.027,0.027,0.0,0.027,0.973
92.0,3486556457382208737981303947,14.0,401.0,401.0,0.0249,0.0249,0.0,0.0249,0.9751
92.0,3336094386859902841708498807,14.0,172.0,172.0,0.0063,0.0063,0.0,0.0063,0.9937
92.0,2608205732961537951763708309,14.0,235.0,235.0,0.0206,0.0206,0.0,0.0206,0.9794
92.0,3864879941815729637536366013,14.0,190.0,177.0,0.0032,0.0016,0.017900000000000003,0.021100000000000004,0.9789
92.0,3777014023833174519659571701,14.0,241.0,241.0,0.0052,0.0052,0.0,0.0052,0.9948
92.0,3641297556608639008872228203,14.0,243.0,243.0,0.0041,0.0041,0.0,0.0041,0.9959
92.0,3863162832017953737554958653,14.0,319.0,312.0,0.0014,0.0039,0.0054,0.0068000000000000005,0.9932
93.0,7689525386636938990634399749,14.0,218.0,209.0,0.0329,0.0146,0.0277,0.0606,0.9394
93.0,9133725976665172141972168459,14.0,201.0,201.0,0.0113,0.0113,0.0,0.0113,0.9887
93.0,6520656956476652126316617387,14.0,404.0,404.0,0.0001,0.0001,0.0,0.0001,0.9999
93.0,9130303106833949588481218771,14.0,441.0,426.0,0.001,0.002,0.025299999999999996,0.026299999999999997,0.9737
93.0,8446274931612279279298722841,14.0,261.0,261.0,0.0029,0.0029,0.0,0.0029,0.9971
93.0,8725196407504533421941512723,14.0,236.0,229.0,0.0051,0.0021,0.0071,0.0122,0.9878
93.0,7796786694533738126337280139,14.0,329.0,326.0,0.0017,0.0008,0.0008,0.0025,0.9975
93.0,9713413464536348470289283719,14.0,259.0,248.0,0.0009,0.0038,0.0073999999999999995,0.0083,0.9917
93.0,6409792111410763136288857979,14.0,214.0,205.0,0.0015,0.0022,0.0022,0.0037,0.9963
93.0,7512504547508880438248928643,14.0,198.0,198.0,0.0012,0.0012,0.0,0.0012,0.9988
94.0,14368292093195712273840811751,14.0,248.0,248.0,0.0007,0.0007,0.0,0.0007,0.9993
94.0,19796689454462576746333959587,14.0,228.0,228.0,0.0114,0.0114,0.0,0.0114,0.9886
94.0,17885222706444566977738655017,14.0,175.0,175.0,0.0027,0.0027,0.0,0.0027,0.9973
94.0,17369357821646901470688945383,14.0,275.0,264.0,0.0017,0.0016,0.0033,0.005,0.995
94.0,12862232662312986785606154361,14.0,179.0,179.0,0.0016,0.0016,0.0,0.0016,0.9984
94.0,17096554210456563343739326351,14.0,206.0,206.0,0.0032,0.0032,0.0,0.0032,0.9968
94.0,12350574258916062565816819639,14.0,349.0,348.0,0.0016,0.0009,0.0009,0.0025,0.9975
94.0,13439188664172347219596931389,14.0,228.0,228.0,0.0052,0.0052,0.0,0.0052,0.9948
94.0,18756244001320004594974724681,14.0,206.0,203.0,0.0448,0.0208,0.0208,0.06559999999999999,0.9344
94.0,14925519435854775427855212001,14.0,181.0,181.0,0.023,0.023,0.0,0.023,0.977
95.0,28117751046510671489667718499,14.0,186.0,186.0,0.0239,0.0239,0.0,0.0239,0.9761
95.0,23108297359230264385436776993,14.0,259.0,242.0,0.0004,0.0014,0.0046,0.005,0.995
95.0,33898437236762190560159790601,14.0,333.0,323.0,0.0,0.0005,0.005599999999999999,0.005599999999999999,0.9944
95.0,36018821030902329301283594339,14.0,322.0,318.0,0.0024,0.0048,0.0127,0.015099999999999999,0.9849
95.0,34314523177163291631276065951,14.0,380.0,374.0,0.0001,0.0005,0.0015,0.0016,0.9984
95.0,38900332086276903471353700203,14.0,187.0,187.0,0.0057,0.0057,0.0,0.0057,0.9943
95.0,31291273418313361268086700333,14.0,232.0,208.0,0.0011,0.0013,0.0028,0.0039,0.9961
95.0,36812991187150722879223549321,14.0,294.0,294.0,0.004,0.004,0.0,0.004,0.996
95.0,37741946009739070853230429481,14.0,235.0,215.0,0.0089,0.0011,0.0036000000000000003,0.0125,0.9875
95.0,39318369813466397999813875201,14.0,210.0,210.0,0.0009,0.0009,0.0,0.0009,0.9991
96.0,64530423941804541654602989973,15.0,235.0,223.0,0.0029,0.0005,0.0005,0.0034,0.9966
96.0,75386419373181977152108794769,15.0,321.0,317.0,0.0004,0.0001,0.00039999999999999996,0.0007999999999999999,0.9992
96.0,61978417684417054019810850181,15.0,241.0,238.0,0.0005,0.0006,0.0006,0.0010999999999999998,0.9989
96.0,71297324761340435426743028443,15.0,212.0,212.0,0.0018,0.0018,0.0,0.0018,0.9982
96.0,55496162207792389662281443073,15.0,267.0,267.0,0.0102,0.0102,0.0,0.0102,0.9898
96.0,61406129595129393233722693469,15.0,230.0,219.0,0.0014,0.0031,0.005,0.0064,0.9936
96.0,70142828556377809293823583197,15.0,274.0,253.0,0.0004,0.0009,0.0028,0.0032,0.9968
96.0,72497199542166466386953614423,15.0,430.0,409.0,0.0031,0.0005,0.009000000000000001,0.012100000000000001,0.9879
96.0,75026445176809883342348067911,15.0,188.0,180.0,0.0,0.0013,0.0013,0.0013,0.9987
96.0,74065302929700493276969550617,15.0,223.0,202.0,0.003,0.0003,0.0009,0.0039,0.9961
97.0,110612054094600999229780100317,15.0,233.0,233.0,0.0007,0.0007,0.0,0.0007,0.9993
97.0,102319393756360483530762989867,15.0,219.0,214.0,0.0010999999999999998,0.0005,0.0010999999999999998,0.0021999999999999997,0.9978
97.0,99811330939517624921195062499,15.0,220.0,218.0,0.0158,0.0056,0.0056,0.021400000000000002,0.9786
97.0,151786558231593067858453221301,15.0,223.0,216.0,0.0003,0.0016,0.0016,0.0019,0.9981
97.0,123697327849435331943839228563,15.0,231.0,225.0,0.0022,0.0015,0.0023,0.0045000000000000005,0.9955
97.0,155180060072020352964077524189,15.0,219.0,219.0,0.0003,0.0003,0.0,0.0003,0.9997
97.0,121263147366606165266870666873,15.0,213.0,213.0,0.0063,0.0063,0.0,0.0063,0.9937
97.0,88597680525735591438269916929,15.0,369.0,357.0,0.0018,0.0024,0.0031,0.0049,0.9951
97.0,99348339430906977777299402243,15.0,200.0,179.0,0.0060999999999999995,0.0041,0.010400000000000001,0.0165,0.9835
97.0,123365799441896096989725374989,15.0,226.0,226.0,0.0039,0.0039,0.0,0.0039,0.9961
98.0,185456870763098604786524342309,15.0,316.0,316.0,0.0027,0.0027,0.0,0.0027,0.9973
98.0,280987744976565867127384130233,15.0,208.0,198.0,0.0006,0.0011,0.0024000000000000002,0.003,0.997
98.0,234105397699187694234527689513,15.0,245.0,245.0,0.0009,0.0009,0.0,0.0009,0.9991
98.0,301614813357538401505102612717,15.0,212.0,198.0,0.0051,0.0132,0.0146,0.019700000000000002,0.9803
98.0,242684980517851513492575972419,15.0,368.0,368.0,0.0009,0.0009,0.0,0.0009,0.9991
98.0,304862785959816153124525499957,15.0,240.0,240.0,0.0029,0.0029,0.0,0.0029,0.9971
98.0,296268092095104669776775137941,15.0,248.0,233.0,0.0056,0.0006,0.0045,0.0101,0.9899
98.0,309011882181429256708399496351,15.0,259.0,252.0,0.002,0.0002,0.0002,0.0022,0.9978
98.0,308241059947873665945291474817,15.0,191.0,191.0,0.0077,0.0077,0.0,0.0077,0.9923
98.0,202963716651305015657551439059,15.0,195.0,193.0,0.0152,0.0019,0.0019,0.0171,0.9829
99.0,617038021528360709781756687361,15.0,248.0,240.0,0.0039,0.0016,0.0021000000000000003,0.006,0.994
99.0,507456672469362602241394527529,15.0,214.0,191.0,0.0023,0.0012,0.0078,0.0101,0.9899
99.0,453944059945655850590976104521,15.0,178.0,178.0,0.0058,0.0058,0.0,0.0058,0.9942
99.0,590928460144054152958301989337,15.0,243.0,237.0,0.0124,0.0039,0.0039,0.0163,0.9837
99.0,558853663688751907303813418171,15.0,251.0,224.0,0.0012,0.0008,0.0019,0.0031,0.9969
99.0,462336618246579713144777962921,15.0,214.0,204.0,0.0071,0.0017,0.009899999999999999,0.017,0.983
99.0,479273172524982100155214766639,15.0,230.0,224.0,0.019,0.0128,0.0148,0.0338,0.9662
99.0,616950352413567317052050359757,15.0,215.0,215.0,0.0114,0.0114,0.0,0.0114,0.9886
99.0,329311440911696326765446467189,15.0,206.0,206.0,0.0106,0.0106,0.0,0.0106,0.9894
99.0,485151596614521248175839939041,15.0,228.0,225.0,0.0016,0.0021,0.0021,0.0037,0.9963
100.0,967528853230832956770202923719,15.0,279.0,242.0,0.0079,0.0039,0.0261,0.034,0.966
100.0,1175579045969799767438763848389,15.0,216.0,216.0,0.0107,0.0107,0.0,0.0107,0.9893
100.0,1248755790228906400808553484937,15.0,354.0,349.0,0.0007,0.0002,0.0002,0.0009,0.9991
100.0,1004816591160064180481518590047,15.0,205.0,191.0,0.004,0.0003,0.0052,0.0092,0.9908
100.0,1037438060268541452147235468901,15.0,238.0,238.0,0.0094,0.0094,0.0,0.0094,0.9906
100.0,1234585518595552401573156334147,15.0,264.0,262.0,0.0055,0.0019,0.0019,0.0073999999999999995,0.9926
100.0,1075528360186581976270682895401,15.0,240.0,240.0,0.0034,0.0034,0.0,0.0034,0.9966
100.0,867757722683846616403607655649,15.0,238.0,236.0,0.0167,0.0015,0.0015,0.0182,0.9818
100.0,1203717446164726473531509886211,15.0,257.0,255.0,0.0115,0.003,0.003,0.014499999999999999,0.9855
100.0,1124082720131182720527047245501,15.0,207.0,205.0,0.0,0.0001,0.0001,0.0001,0.9999
101.0,1724722681624687597563238404937,15.0,197.0,197.0,0.0132,0.0132,0.0,0.0132,0.9868
101.0,1601848131776144469713490857153,15.0,275.0,265.0,0.0052,0.0007,0.008899999999999998,0.014099999999999998,0.9859
101.0,2244662366728008766324557831097,15.0,237.0,237.0,0.0004,0.0004,0.0,0.0004,0.9996
101.0,2497791004204191391053974194421,15.0,302.0,291.0,0.0014,0.0007,0.0051,0.006500000000000001,0.9935
101.0,2447013616959178151191390479563,15.0,200.0,200.0,0.0057,0.0057,0.0,0.0057,0.9943
101.0,2275760192358222674778415734953,15.0,230.0,212.0,0.0045,0.0154,0.0185,0.023,0.977
101.0,2500445720254118041836935106353,15.0,178.0,178.0,0.0032,0.0032,0.0,0.0032,0.9968
101.0,2491753672667148899969035528429,15.0,264.0,236.0,0.0022,0.0017,0.0058000000000000005,0.008,0.992
101.0,2449932685872176609494083735313,15.0,173.0,173.0,0.0181,0.0181,0.0,0.0181,0.9819
101.0,2446752653417381426591588288243,15.0,254.0,254.0,0.019700000000000002,0.019700000000000002,0.0,0.019700000000000002,0.9803
102.0,3897876904529827678623526835159,15.0,281.0,276.0,0.0008,0.0009,0.0036,0.0044,0.9956
102.0,4038827445295262660131595934853,15.0,294.0,294.0,0.0006,0.0006,0.0,0.0006,0.9994
102.0,4910998735865245087995413986073,15.0,201.0,199.0,0.0001,0.0003,0.0003,0.00039999999999999996,0.9996
102.0,4301478159626291552687996451019,15.0,237.0,229.0,0.0007,0.0032,0.0151,0.0158,0.9842
102.0,3536806215383165313072104919323,15.0,275.0,265.0,0.0008,0.0003,0.0023,0.0031,0.9969
102.0,4101071763353018201700070470797,15.0,451.0,440.0,0.0072,0.0002,0.0018000000000000002,0.009,0.991
102.0,3774903638940421271088328039469,15.0,342.0,333.0,0.0002,0.0043,0.0055,0.005699999999999999,0.9943
102.0,5051882158939669792545743847737,15.0,401.0,391.0,0.0051,0.0086,0.0121,0.0172,0.9828
102.0,4927251654026015848246821491947,15.0,204.0,204.0,0.0004,0.0004,0.0,0.0004,0.9996
102.0,3381059736935462248414049197067,15.0,279.0,262.0,0.0066,0.0039,0.021700000000000004,0.028300000000000006,0.9717
103.0,9017128754829096315675442642283,15.0,258.0,234.0,0.0001,0.0013,0.0049,0.005,0.995
103.0,9680304657986916560571400181069,15.0,296.0,296.0,0.0002,0.0002,0.0,0.0002,0.9998
103.0,9987093605192973947982050120173,15.0,281.0,281.0,0.005,0.005,0.0,0.005,0.995
103.0,8847158860263593396516153575997,15.0,212.0,212.0,0.0011,0.0011,0.0,0.0011,0.9989
103.0,8399104126863136304262185701739,15.0,218.0,218.0,0.0072,0.0072,0.0,0.0072,0.9928
103.0,7611723496255511438673861053113,15.0,288.0,288.0,0.0012,0.0012,0.0,0.0012,0.9988
103.0,7256432239258654536406224881159,15.0,216.0,216.0,0.0004,0.0004,0.0,0.0004,0.9996
103.0,9974271743181443531730062193707,15.0,263.0,235.0,0.0039,0.0015,0.002,0.0059,0.9941
103.0,7007100546195270244661987180477,15.0,200.0,200.0,0.0029,0.0029,0.0,0.0029,0.9971
103.0,8780767879573282270830673636421,15.0,213.0,213.0,0.0009,0.0009,0.0,0.0009,0.9991
104.0,17886106121982902481433491295487,16.0,322.0,283.0,0.00013,0.00028,0.00267,0.0028,0.9972
104.0,18201324305560886213354246127791,16.0,247.0,230.0,0.00554,0.00199,0.00318,0.00872,0.99128
104.0,19750239045882729036710834279693,16.0,360.0,323.0,0.005829999999999999,0.00084,0.016210000000000002,0.02204,0.97796
104.0,14951038131639288948903204698539,15.0,282.0,275.0,0.0066,0.0043,0.0043,0.0109,0.9891
104.0,18334856050288953881232851071537,16.0,246.0,246.0,0.00623,0.00623,0.0,0.00623,0.99377
104.0,18953866943727088771132003868831,16.0,243.0,243.0,0.00173,0.00173,0.0,0.00173,0.99827
104.0,19637748396478419057721584667909,16.0,407.0,391.0,0.00081,0.00158,0.00158,0.0023899999999999998,0.99761
104.0,19208986324296837028560142779941,16.0,325.0,325.0,0.00064,0.00064,0.0,0.00064,0.99936
104.0,16363821446164046569628059678457,15.0,232.0,227.0,0.0009,0.0002,0.0011,0.002,0.998
104.0,13981652661568273404909713061839,15.0,278.0,278.0,0.0008,0.0008,0.0,0.0008,0.9992
105.0,36065432369316460249034380106707,16.0,253.0,223.0,0.0017900000000000001,0.00102,0.00236,0.00415,0.99585
105.0,38210789409884601662009444644339,16.0,207.0,207.0,0.00081,0.00081,0.0,0.00081,0.99919
105.0,38360186000612381959935674656183,16.0,223.0,223.0,0.00075,0.00075,0.0,0.00075,0.99925
105.0,31393246737295775364063846235537,16.0,255.0,255.0,0.00287,0.00287,0.0,0.00287,0.99713
105.0,31078226292320783166625330516021,16.0,200.0,200.0,0.00012,0.00012,0.0,0.00012,0.99988
105.0,40558156909091190244536286515583,16.0,231.0,231.0,0.00036,0.00036,0.0,0.00036,0.99964
105.0,36387936967318523761768531162853,16.0,291.0,291.0,0.00104,0.00104,0.0,0.00104,0.99896
105.0,37877393788332253682885670979621,16.0,227.0,227.0,0.00291,0.00291,0.0,0.00291,0.99709
105.0,40020514171148486495423389695353,16.0,251.0,246.0,0.00047,0.00034,0.00034,0.00081,0.99919
105.0,33202233107345571525395255894587,16.0,388.0,388.0,0.00798,0.00798,0.0,0.00798,0.99202
106.0,77757080887195491686154625888129,16.0,254.0,254.0,0.00099,0.00099,0.0,0.00099,0.99901
106.0,46671339383460246682752032038303,16.0,275.0,271.0,0.0015,0.0006,0.0052,0.006699999999999999,0.9933
106.0,62800750505039411539171399933489,16.0,199.0,199.0,0.00226,0.00226,0.0,0.00226,0.99774
106.0,71250291091352679564736273637539,16.0,216.0,206.0,0.00646,0.01149,0.03748,0.04394,0.95606
106.0,67364663904263617121394393439477,16.0,331.0,327.0,4e-05,7e-05,7e-05,0.00010999999999999999,0.99989
106.0,64191077353064747688222146505263,16.0,224.0,220.0,0.00033,0.00022,0.00035999999999999997,0.00069,0.99931
106.0,46840469772065857756533616034729,16.0,314.0,300.0,0.00282,0.00013,0.00082,0.00364,0.99636
106.0,68553057104728872061052338423387,16.0,264.0,264.0,0.00279,0.00279,0.0,0.00279,0.99721
106.0,70113512594403570905893661305499,16.0,252.0,247.0,0.00108,0.00276,0.00276,0.0038399999999999997,0.99616
106.0,68284318575708071102418818143169,16.0,305.0,305.0,0.00179,0.00179,0.0,0.00179,0.99821
107.0,117333877587921126978370345183541,16.0,239.0,239.0,0.01153,0.01153,0.0,0.01153,0.98847
107.0,144667443681614657053697720756269,16.0,216.0,216.0,0.00583,0.00583,0.0,0.00583,0.99417
107.0,123558203768969825759278815174673,16.0,259.0,248.0,0.00112,0.00083,0.00165,0.00277,0.99723
107.0,127421715565990211558114852356663,16.0,264.0,263.0,0.00276,0.00201,0.00201,0.00477,0.99523
107.0,141793896544445461259775124782751,16.0,251.0,251.0,0.00412,0.00412,0.0,0.00412,0.99588
107.0,157899679247155790555281254555577,16.0,432.0,432.0,0.0335,0.0335,0.0,0.0335,0.9665
107.0,161328256620978551307602048948357,16.0,185.0,185.0,0.00447,0.00447,0.0,0.00447,0.99553
107.0,138414698431937275216924867338173,16.0,364.0,364.0,0.0006,0.0006,0.0,0.0006,0.9994
107.0,155790523355965647811142005799579,16.0,319.0,319.0,0.00091,0.00091,0.0,0.00091,0.99909
107.0,140828859381308513362913952777239,16.0,319.0,319.0,0.00097,0.00097,0.0,0.00097,0.99903
108.0,266070936303076375205046663811193,16.0,219.0,219.0,0.00437,0.00437,0.0,0.00437,0.99563
108.0,222371653773279240633913598739463,16.0,235.0,235.0,0.00477,0.00477,0.0,0.00477,0.99523
108.0,270192559081844687320485100499407,16.0,185.0,185.0,0.00628,0.00628,0.0,0.00628,0.99372
108.0,264831074231264228711749969456771,16.0,255.0,233.0,0.00039,0.00145,0.007100000000000001,0.007490000000000001,0.99251
108.0,279255541621244328692757471278741,16.0,377.0,376.0,0.00026,0.00044,0.00044,0.0007,0.9993
108.0,278290996969813974856905192536069,16.0,373.0,373.0,0.00071,0.00071,0.0,0.00071,0.99929
108.0,306135708658947386561658084210929,16.0,467.0,457.0,0.00059,0.00051,0.00051,0.0011,0.9989
108.0,262057660916362809257158072048957,16.0,223.0,223.0,0.008029999999999999,0.008029999999999999,0.0,0.008029999999999999,0.99197
108.0,187208912592511414321151036903429,16.0,223.0,223.0,0.00399,0.00399,0.0,0.00399,0.99601
108.0,317989082577959177702382746407057,16.0,300.0,283.0,0.00039000000000000005,0.00038,0.0008,0.00119,0.99881
109.0,354501361043749066686278001213817,16.0,213.0,213.0,0.00134,0.00134,0.0,0.00134,0.99866
109.0,417679924160011223874908234821157,16.0,228.0,206.0,0.00654,0.00476,0.01331,0.01985,0.98015
109.0,536355041526988571911809953317279,16.0,332.0,313.0,0.0029899999999999996,0.00024,0.0034400000000000003,0.00643,0.99357
109.0,597731127615704541953571612294443,16.0,286.0,286.0,0.0018,0.0018,0.0,0.0018,0.9982
109.0,376511416668699793054153579557799,16.0,322.0,322.0,0.00079,0.00079,0.0,0.00079,0.99921
109.0,486388830912829139970191491592407,16.0,304.0,304.0,0.00037000000000000005,0.00037000000000000005,0.0,0.00037000000000000005,0.99963
109.0,431489087084795083667755509671597,16.0,251.0,251.0,0.01004,0.01004,0.0,0.01004,0.98996
109.0,647776605935322306219298763773001,16.0,335.0,335.0,0.00822,0.00822,0.0,0.00822,0.99178
109.0,567692747520872349057845810691677,16.0,319.0,300.0,0.0018,0.00131,0.0023699999999999997,0.00417,0.99583
109.0,409554407499437144843924062144663,16.0,281.0,281.0,0.00049,0.00049,0.0,0.00049,0.99951
110.0,821296448947318573443594109283189,16.0,218.0,218.0,0.00167,0.00167,0.0,0.00167,0.99833
110.0,1249515463139766890199426080091743,16.0,303.0,296.0,0.00225,0.00069,0.00069,0.00294,0.99706
110.0,920279705620911027743040762012277,16.0,204.0,204.0,0.00108,0.00108,0.0,0.00108,0.99892
110.0,891327316227243658218427715479573,16.0,336.0,336.0,0.00075,0.00075,0.0,0.00075,0.99925
110.0,1000525060671047865179675658090263,16.0,268.0,266.0,0.00133,0.00054,0.00054,0.0018700000000000001,0.99813
110.0,1067975002686558177872123796639259,16.0,288.0,288.0,0.00045,0.00045,0.0,0.00045,0.99955
110.0,1047775228256992531064620381777157,16.0,230.0,230.0,0.00863,0.00863,0.0,0.00863,0.99137
110.0,989984506640476027717921245230963,16.0,280.0,266.0,0.00284,0.0006,0.0007999999999999999,0.00364,0.99636
110.0,826944883510977439189227471277673,16.0,270.0,229.0,0.0,0.00056,0.00512,0.00512,0.99488
110.0,899934980957200639250076887483501,16.0,258.0,258.0,0.00108,0.00108,0.0,0.00108,0.99892
111.0,2525864610786092546797760136199631,16.0,253.0,253.0,4e-05,4e-05,0.0,4e-05,0.99996
111.0,1505735878285416077970555210856711,16.0,231.0,198.0,0.00266,0.00265,0.0060999999999999995,0.00876,0.99124
111.0,2105142023138811355857806741813617,16.0,301.0,294.0,0.00044,0.00045,0.00045,0.00089,0.99911
111.0,1970377222301454863088565237793317,16.0,286.0,286.0,0.00077,0.00077,0.0,0.00077,0.99923
111.0,1421104604745830864868594072454993,16.0,258.0,258.0,0.00049,0.00049,0.0,0.00049,0.99951
111.0,1647745332943230568662981458394727,16.0,525.0,488.0,0.01078,0.0026,0.01813,0.028909999999999998,0.97109
111.0,1991498687919676658516206072084751,16.0,231.0,231.0,0.00077,0.00077,0.0,0.00077,0.99923
111.0,1728326164591315333844171151007493,16.0,236.0,236.0,0.00191,0.00191,0.0,0.00191,0.99809
111.0,2082954593253308756806461223917241,16.0,365.0,365.0,0.00127,0.00127,0.0,0.00127,0.99873
111.0,2576140826234239676976313959492641,16.0,243.0,243.0,0.01154,0.01154,0.0,0.01154,0.98846
112.0,4869137976843379467612199180307497,16.0,265.0,261.0,0.00055,0.00023,0.00104,0.0015899999999999998,0.99841
112.0,3005385497766232561052401634964259,16.0,267.0,267.0,0.00548,0.00548,0.0,0.00548,0.99452
112.0,3702789462130740266873517655561397,16.0,222.0,222.0,0.00135,0.00135,0.0,0.00135,0.99865
112.0,4740578330366809161628112354555237,16.0,226.0,226.0,0.01428,0.01428,0.0,0.01428,0.98572
112.0,4851783293591046802322790787069697,16.0,324.0,319.0,0.00136,0.00055,0.00055,0.0019100000000000002,0.99809
112.0,5175611703501711476702917612486649,16.0,202.0,202.0,0.00177,0.00177,0.0,0.00177,0.99823
112.0,4491831392235405533097225621734629,16.0,264.0,203.0,0.00084,0.00104,0.00501,0.005849999999999999,0.99415
112.0,3815600321150386706273686995423271,16.0,287.0,287.0,0.00062,0.00062,0.0,0.00062,0.99938
112.0,3120375494686872851172891378117889,16.0,267.0,267.0,0.01221,0.01221,0.0,0.01221,0.98779
112.0,4998240524281114456533470345585381,16.0,311.0,311.0,0.00051,0.00051,0.0,0.00051,0.99949
113.0,9578287095972853871515676835982367,17.0,259.0,256.0,0.00082,0.00248,0.00248,0.0033,0.9967
113.0,7408769333185959546361332283970513,17.0,225.0,225.0,0.00105,0.00105,0.0,0.00105,0.99895
113.0,9378163277988836161366622253672179,17.0,252.0,252.0,0.00086,0.00086,0.0,0.00086,0.99914
113.0,8624355034081582159008242104022221,17.0,278.0,278.0,0.00128,0.00128,0.0,0.00128,0.99872
113.0,6320654558083497594409992311655817,16.0,237.0,237.0,0.00335,0.00335,0.0,0.00335,0.99665
113.0,8759901868879622008454753372567467,17.0,258.0,258.0,0.00606,0.00606,0.0,0.00606,0.99394
113.0,8367669284812534609939637874381323,17.0,204.0,204.0,0.00261,0.00261,0.0,0.00261,0.99739
113.0,8488488386498693322926497976145619,17.0,221.0,221.0,0.00048,0.00048,0.0,0.00048,0.99952
113.0,9785066419246442834517718541153333,17.0,280.0,274.0,0.00045,0.00334,0.00334,0.00379,0.99621
113.0,8093119244778963344239709312876417,17.0,223.0,223.0,0.00132,0.00132,0.0,0.00132,0.99868
114.0,18065837315495901330370560149068121,17.0,295.0,295.0,0.00094,0.00094,0.0,0.00094,0.99906
114.0,19409508961596281252566497804980137,17.0,232.0,232.0,0.00155,0.00155,0.0,0.00155,0.99845
114.0,20315169896670495249047257644724157,17.0,247.0,247.0,0.00064,0.00064,0.0,0.00064,0.99936
114.0,19255246150844536106076041033183833,17.0,280.0,280.0,0.00167,0.00167,0.0,0.00167,0.99833
114.0,18940910353501153456229256716651551,17.0,484.0,484.0,0.00289,0.00289,0.0,0.00289,0.99711
114.0,15628881947997988368627398305217653,17.0,255.0,252.0,0.00054,0.0002,0.0002,0.00074,0.99926
114.0,17574410282260253402344028303457773,17.0,289.0,287.0,0.00094,0.00024,0.00024,0.00118,0.99882
114.0,17670733715339792120254619802121919,17.0,286.0,280.0,0.00013,0.0003,0.0003,0.00042999999999999994,0.99957
114.0,15691393899229836349726831377970321,17.0,512.0,512.0,0.00129,0.00129,0.0,0.00129,0.99871
114.0,20235981102887189516538387632865031,17.0,356.0,348.0,0.00011,3e-05,0.00051,0.00062,0.99938
115.0,41221008146578709083183035261523999,17.0,266.0,266.0,0.0015,0.0015,0.0,0.0015,0.9985
115.0,37043015267992334588594943136368787,17.0,251.0,251.0,0.00016,0.00016,0.0,0.00016,0.99984
115.0,34257630309117331672664578559110183,17.0,243.0,238.0,0.00014,7e-05,7e-05,0.00020999999999999998,0.99979
115.0,36228195844599078326411146643520859,17.0,326.0,326.0,0.00023,0.00023,0.0,0.00023,0.99977
115.0,38912483728661226263535464501718611,17.0,324.0,315.0,0.00025,0.00241,0.00362,0.00387,0.99613
115.0,40746473512784914815276568675698163,17.0,324.0,286.0,0.00364,0.00271,0.00938,0.01302,0.98698
115.0,29327730151033287262285432547477293,17.0,298.0,287.0,0.00485,0.0009,0.00129,0.00614,0.99386
115.0,37751456060065479487537190592297427,17.0,572.0,572.0,0.00156,0.00156,0.0,0.00156,0.99844
115.0,30848976748279214329343001582569077,17.0,205.0,205.0,0.00876,0.00876,0.0,0.00876,0.99124
115.0,41341910202494759330562015861457729,17.0,234.0,227.0,0.00382,0.00056,0.0013000000000000002,0.00512,0.99488
116.0,81432756989400621874744204517496833,17.0,310.0,288.0,0.00047,0.00071,0.00179,0.00226,0.99774
116.0,65592429016881733749677354474982631,17.0,264.0,264.0,0.0038,0.0038,0.0,0.0038,0.9962
116.0,63803729359141468761845428848872197,17.0,271.0,271.0,0.00233,0.00233,0.0,0.00233,0.99767
116.0,65981385773933956573648872691779827,17.0,259.0,259.0,0.00156,0.00156,0.0,0.00156,0.99844
116.0,60276811099592486094382467326371937,17.0,256.0,256.0,0.00077,0.00077,0.0,0.00077,0.99923
116.0,81366649179892021134955314381029231,17.0,275.0,275.0,0.00017,0.00017,0.0,0.00017,0.99983
116.0,82960843226421875105101030608784721,17.0,461.0,450.0,0.00712,0.00101,0.00101,0.00813,0.99187
116.0,76586460741941194063184283717717379,17.0,380.0,370.0,0.00405,0.00491,0.00491,0.00896,0.99104
116.0,61406406613441633611846610240581121,17.0,267.0,239.0,2e-05,0.00038,0.00554,0.00556,0.99444
116.0,67417053679543439502545474090871479,17.0,551.0,551.0,7e-05,7e-05,0.0,7e-05,0.99993
117.0,161644669950741115915092152424150053,17.0,329.0,307.0,0.00057,0.00062,0.00503,0.0056,0.9944
117.0,161238010545661557537590652653322373,17.0,379.0,379.0,0.00013,0.00013,0.0,0.00013,0.99987
117.0,161232898906725473396267783799956737,17.0,309.0,309.0,0.00534,0.00534,0.0,0.00534,0.99466
117.0,135888320454143842787748457893767593,17.0,311.0,311.0,1e-05,1e-05,0.0,1e-05,0.99999
117.0,100751383373899129022987709410648207,17.0,298.0,298.0,0.00024,0.00024,0.0,0.00024,0.99976
117.0,155247911547088786421327926988719999,17.0,245.0,245.0,0.0049,0.0049,0.0,0.0049,0.9951
117.0,101373207952080592061151758257058989,17.0,419.0,415.0,0.00314,0.00091,0.00091,0.00405,0.99595
117.0,108946128740768924626158377561789449,17.0,267.0,252.0,0.00057,0.00057,0.0019099999999999998,0.0024799999999999996,0.99752
117.0,146224437055499398302685819927133261,17.0,277.0,255.0,6e-05,0.00025,0.0031000000000000003,0.0031600000000000005,0.99684
117.0,160731771028093603157994069496959031,17.0,226.0,226.0,0.00057,0.00057,0.0,0.00057,0.99943
118.0,237345948880815538907797823646219881,17.0,358.0,347.0,0.00091,0.00024,0.00024,0.00115,0.99885
118.0,299273493151053987937541566529385071,17.0,249.0,249.0,0.00055,0.00055,0.0,0.00055,0.99945
118.0,293472964420555846644584757127083283,17.0,239.0,239.0,0.00144,0.00144,0.0,0.00144,0.99856
118.0,242415581270620438564883553396168353,17.0,581.0,581.0,0.00343,0.00343,0.0,0.00343,0.99657
118.0,300086878382212761195204774116540117,17.0,278.0,278.0,0.00112,0.00112,0.0,0.00112,0.99888
118.0,271453191392147336138739586658777279,17.0,251.0,247.0,0.00099,0.00113,0.00113,0.00212,0.99788
118.0,294846255924717663550392714732935317,17.0,262.0,246.0,0.00146,0.0002,0.00028000000000000003,0.00174,0.99826
118.0,303356874653483665485185053241586611,17.0,397.0,375.0,0.00169,0.00022,0.00184,0.00353,0.99647
118.0,223548811760999637582004087666665613,17.0,205.0,205.0,0.00304,0.00304,0.0,0.00304,0.99696
118.0,296115782547994490910273743866027349,17.0,343.0,343.0,0.00098,0.00098,0.0,0.00098,0.99902
119.0,570296805105030338694746055271312883,17.0,255.0,255.0,0.00077,0.00077,0.0,0.00077,0.99923
119.0,568344916094382340305806899976776613,17.0,239.0,233.0,0.0017000000000000001,0.00092,0.00092,0.00262,0.99738
119.0,411461497050775120127464172200217867,17.0,318.0,318.0,0.00026,0.00026,0.0,0.00026,0.99974
119.0,368646499540623531011092570210703203,17.0,439.0,425.0,0.00019,4e-05,4e-05,0.00023,0.99977
119.0,659068977512622471463758824730280787,17.0,408.0,396.0,0.00034,0.00021,0.00048,0.00082,0.99918
119.0,633295895091322233254784091000139239,17.0,285.0,236.0,0.00311,0.00086,0.00801,0.01112,0.98888
119.0,437370730648987903400643698197485343,17.0,227.0,227.0,0.00098,0.00098,0.0,0.00098,0.99902
119.0,615171475407910394766276425122244603,17.0,313.0,313.0,0.00094,0.00094,0.0,0.00094,0.99906
119.0,621150044062845373970037643893763477,17.0,227.0,227.0,0.00105,0.00105,0.0,0.00105,0.99895
119.0,602251360037170685270980975841709569,17.0,273.0,273.0,0.00218,0.00218,0.0,0.00218,0.99782
120.0,1309904724689630381256464455567219397,17.0,298.0,298.0,0.00736,0.00736,0.0,0.00736,0.99264
120.0,1134242134782469699496240339845538249,17.0,442.0,422.0,0.00019,0.00036,0.0028000000000000004,0.0029900000000000005,0.99701
120.0,909547747459750397626795915694393401,17.0,245.0,245.0,0.00147,0.00147,0.0,0.00147,0.99853
120.0,937908367522307630356618450830612631,17.0,282.0,279.0,0.0002,0.00012,0.00023,0.00043000000000000004,0.99957
120.0,1148310106018513307207209928813508173,17.0,268.0,248.0,0.00061,0.00121,0.00121,0.00182,0.99818
120.0,940530153756749103282382746292866037,17.0,286.0,279.0,0.00042,0.00025,0.00062,0.0010400000000000001,0.99896
120.0,1173658815012326295098606978889606103,17.0,570.0,563.0,6e-05,9e-05,9e-05,0.00015000000000000001,0.99985
120.0,1094193728221555152824377021122724531,17.0,294.0,268.0,0.0003,0.00031,0.00031,0.00061,0.99939
120.0,1113088651040640511011659341299894001,17.0,267.0,245.0,0.00026,0.00062,0.0022299999999999998,0.0024899999999999996,0.99751
120.0,765267689627976085469226341954003201,17.0,245.0,245.0,0.00176,0.00176,0.0,0.00176,0.99824
121.0,2035758237600249912284212301282855171,17.0,256.0,256.0,0.00843,0.00843,0.0,0.00843,0.99157
121.0,2492661370866136115096086611700430119,17.0,359.0,349.0,0.00043,0.00039,0.0012100000000000001,0.0016400000000000002,0.99836
121.0,2033791367316704196024771183443079529,17.0,346.0,324.0,0.00012,0.00022,0.00046,0.00058,0.99942
121.0,2157294644727146829778793339472853357,17.0,307.0,307.0,0.00158,0.00158,0.0,0.00158,0.99842
121.0,2252640912639616684167810570507690899,17.0,279.0,279.0,0.0053100000000000005,0.0053100000000000005,0.0,0.0053100000000000005,0.99469
121.0,1742723641530442812217677705752522039,17.0,334.0,325.0,0.0017,0.00132,0.00248,0.00418,0.99582
121.0,1894035083960956039826342894856731087,17.0,263.0,263.0,0.00098,0.00098,0.0,0.00098,0.99902
121.0,2363589611598994510565847045087952807,17.0,297.0,297.0,0.00237,0.00237,0.0,0.00237,0.99763
121.0,2290352670743227632843849166949600671,17.0,244.0,244.0,0.00199,0.00199,0.0,0.00199,0.99801
121.0,2177108987198407701865481377781503753,17.0,343.0,343.0,0.00011,0.00011,0.0,0.00011,0.99989
122.0,4423594566679466719261662658040576071,18.0,501.0,495.0,6e-05,7e-05,7e-05,0.00013,0.99987
122.0,4952415931161061684571640184889855549,18.0,404.0,402.0,0.00109,0.00047,0.00047,0.00156,0.99844
122.0,4610468061998163878775811537184080253,18.0,247.0,239.0,0.00027,0.00031,0.0005,0.0007700000000000001,0.99923
122.0,4908183462709518258598941397762040501,18.0,231.0,224.0,0.00198,0.00063,0.00063,0.00261,0.99739
122.0,4703496336675270857617077733971673201,18.0,217.0,217.0,0.00056,0.00056,0.0,0.00056,0.99944
122.0,4043420400159484781713494695273193503,18.0,260.0,258.0,0.00603,0.00335,0.00335,0.00938,0.9906200000000001
122.0,3974261143725124594416064158576522143,18.0,245.0,244.0,0.00051,0.00099,0.00099,0.0015,0.9985
122.0,4831207872011383449887648093859631877,18.0,375.0,351.0,5e-05,0.00276,0.00315,0.0032,0.9968
122.0,3934407064549046449630259257971661337,18.0,231.0,229.0,0.0006,0.00233,0.00233,0.00293,0.99707
122.0,4353791704947765426399756660768658093,18.0,303.0,303.0,0.00046,0.00046,0.0,0.00046,0.99954
123.0,9292290795018082357955389116869964841,18.0,332.0,313.0,0.00143,0.00071,0.0072699999999999996,0.0087,0.9913
123.0,9465048720933584258795787632477590597,18.0,307.0,307.0,0.00154,0.00154,0.0,0.00154,0.99846
123.0,6454797447626042230714011026276280499,18.0,226.0,226.0,0.0029,0.0029,0.0,0.0029,0.9971
123.0,10273762526022606161123673374363176709,18.0,315.0,314.0,0.00019,0.00069,0.00069,0.0008799999999999999,0.99912
123.0,6650529112361864556199169136430774591,18.0,297.0,275.0,0.00106,0.00063,0.0074,0.00846,0.99154
123.0,8138757380123676240962782883492484649,18.0,314.0,287.0,0.0004,0.00029,0.00608,0.0064800000000000005,0.99352
123.0,8174126421270492950727729173328120943,18.0,411.0,410.0,0.00122,0.00075,0.00075,0.00197,0.99803
123.0,9596271943716754002064891565577569237,18.0,384.0,384.0,0.00475,0.00475,0.0,0.00475,0.99525
123.0,7596733886805967531126916604849758141,18.0,332.0,332.0,1e-05,1e-05,0.0,1e-05,0.99999
123.0,9783878193171551235811167995217557963,18.0,290.0,290.0,0.00223,0.00223,0.0,0.00223,0.99777
124.0,20256964966109383102571268428531085949,18.0,232.0,228.0,0.00276,0.00049,0.00074,0.0034999999999999996,0.9965
124.0,13513409785402773872588672742641793043,18.0,412.0,403.0,0.0007,0.00055,0.0022099999999999997,0.00291,0.99709
124.0,20729669292968504169971662357087220891,18.0,307.0,307.0,0.00026,0.00026,0.0,0.00026,0.99974
124.0,19319577003845531705942159148765031193,18.0,219.0,219.0,0.00163,0.00163,0.0,0.00163,0.99837
124.0,13377715366995379520627457256409701309,18.0,328.0,315.0,0.00029,0.00172,0.00339,0.0036799999999999997,0.99632
124.0,17064180724333881144315190204943812603,18.0,264.0,264.0,0.00646,0.00646,0.0,0.00646,0.99354
124.0,12752938382369816626485617584784685329,18.0,309.0,309.0,0.00124,0.00124,0.0,0.00124,0.99876
124.0,16068397062829088360031113275077242177,18.0,382.0,382.0,8e-05,8e-05,0.0,8e-05,0.99992
124.0,14432872353324817200385638612304848593,18.0,300.0,288.0,0.00603,0.00266,0.00266,0.00869,0.99131
124.0,13554352998770762359263325322615370049,18.0,330.0,323.0,0.00059,7e-05,7e-05,0.00066,0.99934
125.0,36203590359972101218605102829440360581,18.0,437.0,437.0,0.0005,0.0005,0.0,0.0005,0.9995
125.0,28663353058650721727625358669755301181,18.0,394.0,385.0,0.01503,0.00198,0.00449,0.01952,0.98048
125.0,24378792289139356333224601758836149697,18.0,291.0,291.0,0.00364,0.00364,0.0,0.00364,0.99636
125.0,40304366752215419765964957396204043481,18.0,293.0,292.0,0.00096,0.00026,0.00026,0.00122,0.99878
125.0,27118907632567491608887922267718534031,18.0,323.0,319.0,0.00104,0.00024,0.00024,0.0012799999999999999,0.99872
125.0,34109335512532185244063771533261390697,18.0,581.0,581.0,0.00093,0.00093,0.0,0.00093,0.99907
125.0,35853999241069857396185720711522238763,18.0,457.0,457.0,0.0016,0.0016,0.0,0.0016,0.9984
125.0,39717567140306797239728766089640025319,18.0,339.0,339.0,0.00053,0.00053,0.0,0.00053,0.99947
125.0,31398524841503230327834216082279886529,18.0,335.0,319.0,0.00031,0.00016,0.00057,0.0008799999999999999,0.99912
125.0,24499019480693184330843544312622830117,18.0,307.0,307.0,0.00029,0.00029,0.0,0.00029,0.99971
126.0,63597791417349038715922665325059456829,18.0,322.0,322.0,0.0005,0.0005,0.0,0.0005,0.9995
126.0,57939300191655370297106519729636013707,18.0,327.0,327.0,0.00141,0.00141,0.0,0.00141,0.99859
126.0,66398499013515823223143278295380581069,18.0,362.0,343.0,0.00019,0.00037,0.00463,0.00482,0.99518
126.0,59154586624850330794145684208628375933,18.0,262.0,256.0,0.00109,0.00132,0.00132,0.00241,0.99759
126.0,79259200887045679448437784123056078349,18.0,287.0,277.0,0.00045,0.00047,0.0007199999999999999,0.00117,0.99883
126.0,80021879414578202105030414906785000541,18.0,277.0,277.0,4e-05,4e-05,0.0,4e-05,0.99996
126.0,64752851490645955975373986897857661291,18.0,352.0,352.0,0.00084,0.00084,0.0,0.00084,0.99916
126.0,69215975224839005446709900987268569879,18.0,304.0,296.0,0.00023,0.00026,0.00031,0.00054,0.99946
126.0,72247722419657893674319419132583725211,18.0,297.0,290.0,0.00172,0.00067,0.00067,0.0023899999999999998,0.99761
126.0,80215787268923686794188113793788896907,18.0,244.0,244.0,0.00119,0.00119,0.0,0.00119,0.99881
127.0,132457309934155850787863121143676752611,18.0,287.0,282.0,0.0004,0.0003,0.0003,0.0007,0.9993
127.0,109431744762879927963617528547203681933,18.0,297.0,282.0,0.00178,0.00104,0.00104,0.0028199999999999996,0.99718
127.0,149741801138412871804386094942574000449,18.0,303.0,303.0,0.00029,0.00029,0.0,0.00029,0.99971
127.0,96766608619522193366188374588798172859,18.0,291.0,291.0,0.00741,0.00741,0.0,0.00741,0.99259
127.0,127704566654369764767969782937413821601,18.0,229.0,229.0,0.00114,0.00114,0.0,0.00114,0.99886
127.0,146102651342620601575008550431626725597,18.0,298.0,298.0,0.00019,0.00019,0.0,0.00019,0.99981
127.0,126656405597104023578316452939570179103,18.0,346.0,332.0,0.00041,0.00021,0.00021,0.00062,0.99938
127.0,129955219880580046409675714525209483153,18.0,335.0,335.0,0.00033,0.00033,0.0,0.00033,0.99967
127.0,130127870540313061326416989972603497919,18.0,253.0,253.0,0.00092,0.00092,0.0,0.00092,0.99908
127.0,142850607438623158150649466657378650471,18.0,246.0,246.0,0.00591,0.00591,0.0,0.00591,0.99409
128.0,316630978392461686140790396544727138989,18.0,456.0,437.0,0.00030000000000000003,0.00023,0.00171,0.00201,0.99799
128.0,260408394780321258637474070357255515499,18.0,313.0,304.0,6e-05,0.00013,0.00015999999999999999,0.00021999999999999998,0.99978
128.0,282246613793799378805666929118632564043,18.0,403.0,403.0,0.00132,0.00132,0.0,0.00132,0.99868
128.0,277379642213916415731369487950420142823,18.0,265.0,265.0,0.00024,0.00024,0.0,0.00024,0.99976
128.0,190499469907606779378622489240674837739,18.0,315.0,315.0,0.00088,0.00088,0.0,0.00088,0.99912
128.0,286901225328443836377644023226141197303,18.0,372.0,372.0,0.00077,0.00077,0.0,0.00077,0.99923
128.0,241243246333291185172100119071710360357,18.0,319.0,319.0,0.00208,0.00208,0.0,0.00208,0.99792
128.0,325016281020764285130519352816572677093,18.0,366.0,363.0,0.00014,0.00059,0.0006900000000000001,0.00083,0.99917
128.0,247445862701046015742718330708056439317,18.0,565.0,511.0,0.00086,0.00014,0.012739999999999998,0.013599999999999998,0.9864
128.0,325532627840105522629985693551900663603,18.0,310.0,306.0,0.00071,0.00024,0.00024,0.00095,0.99905
